date,food_sales,beverage_sales,wine_sales,liquor_sales,beer_sales,total_sales,date,dow
2011-09-08,1284.0,60.0,634.0,73.0,131.0,2182.0,2011-09-08,Thu
2011-09-09,1829.0,102.0,934.0,71.0,96.0,3032.0,2011-09-09,Fri
2011-09-10,4727.0,189.0,2061.0,74.0,189.0,7240.0,2011-09-10,Sat
2011-09-11,4259.0,178.0,1055.0,177.0,190.0,5859.0,2011-09-11,Sun
2011-09-13,1892.0,95.0,983.0,126.0,129.0,3225.0,2011-09-13,Tue
2011-09-14,1358.0,75.0,646.0,20.0,44.0,2143.0,2011-09-14,Wed
2011-09-15,1958.0,89.0,1507.0,42.0,45.0,3641.0,2011-09-15,Thu
2011-09-16,2733.0,123.0,1559.0,161.0,63.0,4639.0,2011-09-16,Fri
2011-09-17,3116.0,146.0,1417.0,142.0,128.0,4949.0,2011-09-17,Sat
2011-09-18,3376.0,169.0,1806.0,147.0,121.0,5619.0,2011-09-18,Sun
2011-09-20,2041.0,102.0,994.0,46.0,80.0,3263.0,2011-09-20,Tue
2011-09-21,2288.0,100.0,909.0,192.0,54.0,3543.0,2011-09-21,Wed
2011-09-22,2818.0,138.0,1878.0,83.0,190.0,5107.0,2011-09-22,Thu
2011-09-23,2268.0,-193.0,1602.0,136.0,98.0,3911.0,2011-09-23,Fri
2011-09-24,3950.0,210.0,2347.0,110.0,167.0,6784.0,2011-09-24,Sat
2011-09-25,2480.0,129.0,1103.0,111.0,116.0,3939.0,2011-09-25,Sun
2011-09-27,1851.0,92.0,710.0,148.0,117.0,2918.0,2011-09-27,Tue
2011-09-28,1868.0,72.0,964.0,204.0,145.0,3253.0,2011-09-28,Wed
2011-09-29,2378.0,109.0,1124.0,73.0,25.0,3709.0,2011-09-29,Thu
2011-09-30,466.0,177.0,2167.0,3344.0,109.0,6263.0,2011-09-30,Fri
2011-10-01,3859.0,230.0,1540.0,188.0,122.0,5939.0,2011-10-01,Sat
2011-10-02,2298.0,148.0,1038.0,131.0,62.0,3677.0,2011-10-02,Sun
2011-10-04,3148.0,86.0,964.0,125.0,7.0,4330.0,2011-10-04,Tue
2011-10-05,3380.0,131.0,1619.0,148.0,185.0,5463.0,2011-10-05,Wed
2011-10-06,2876.0,159.0,1566.0,180.0,82.0,4863.0,2011-10-06,Thu
2011-10-07,4327.0,193.0,2008.0,887.0,102.0,7517.0,2011-10-07,Fri
2011-10-08,2411.0,115.0,1614.0,206.0,45.0,4391.0,2011-10-08,Sat
2011-10-11,1450.0,61.0,759.0,153.0,20.0,2443.0,2011-10-11,Tue
2011-10-12,2208.0,133.0,983.0,194.0,94.0,3612.0,2011-10-12,Wed
2011-10-13,1758.0,146.0,1017.0,178.0,100.0,3199.0,2011-10-13,Thu
2011-10-14,5147.0,160.0,2242.0,440.0,230.0,8219.0,2011-10-14,Fri
2011-10-15,3568.0,220.0,1517.0,191.0,135.0,5631.0,2011-10-15,Sat
2011-10-16,1908.0,82.0,760.0,126.0,59.0,2935.0,2011-10-16,Sun
2011-10-18,2277.0,94.0,854.0,100.0,50.0,3375.0,2011-10-18,Tue
2011-10-19,1536.0,104.0,597.0,120.0,69.0,2426.0,2011-10-19,Wed
2011-10-20,1801.0,67.0,886.0,262.0,71.0,3087.0,2011-10-20,Thu
2011-10-21,2992.0,196.0,1908.0,225.0,117.0,5438.0,2011-10-21,Fri
2011-10-22,3466.0,173.0,1396.0,376.0,173.0,5584.0,2011-10-22,Sat
2011-10-23,1713.0,84.0,653.0,60.0,89.0,2599.0,2011-10-23,Sun
2011-10-25,1281.0,40.0,536.0,154.0,65.0,2076.0,2011-10-25,Tue
2011-10-26,1394.0,94.0,553.0,94.0,44.0,2179.0,2011-10-26,Wed
2011-10-27,1438.0,39.0,962.0,103.0,77.0,2619.0,2011-10-27,Thu
2011-10-28,3217.0,148.0,1620.0,369.0,148.0,5502.0,2011-10-28,Fri
2011-10-29,3214.0,179.0,1335.0,337.0,45.0,5110.0,2011-10-29,Sat
2011-10-30,2277.0,140.0,939.0,88.0,31.0,3475.0,2011-10-30,Sun
2011-11-01,1569.0,76.0,875.0,184.0,59.0,2763.0,2011-11-01,Tue
2011-11-02,1305.0,67.0,765.0,77.0,25.0,2239.0,2011-11-02,Wed
2011-11-03,1366.0,84.0,669.0,44.0,45.0,2208.0,2011-11-03,Thu
2011-11-04,3218.0,225.0,2279.0,408.0,167.0,6297.0,2011-11-04,Fri
2011-11-05,4316.0,183.0,1388.0,463.0,142.0,6492.0,2011-11-05,Sat
2011-11-06,871.0,53.0,410.0,49.0,32.0,1415.0,2011-11-06,Sun
2011-11-08,1374.0,46.0,529.0,94.0,178.0,2221.0,2011-11-08,Tue
2011-11-09,1853.0,117.0,982.0,80.0,43.0,3075.0,2011-11-09,Wed
2011-11-10,2474.0,136.0,1390.0,337.0,108.0,4445.0,2011-11-10,Thu
2011-11-11,5203.0,450.0,2208.0,522.0,217.0,8600.0,2011-11-11,Fri
2011-11-12,2934.0,166.0,1810.0,262.0,200.0,5372.0,2011-11-12,Sat
2011-11-15,816.0,41.0,421.0,46.0,38.0,1362.0,2011-11-15,Tue
2011-11-16,4783.0,199.0,1163.0,230.0,69.0,6444.0,2011-11-16,Wed
2011-11-17,1003.0,29.0,472.0,25.0,39.0,1568.0,2011-11-17,Thu
2011-11-18,2709.0,158.0,1486.0,213.0,155.0,4721.0,2011-11-18,Fri
2011-11-19,3320.0,209.0,1350.0,261.0,147.0,5287.0,2011-11-19,Sat
2011-11-20,1526.0,88.0,577.0,72.0,57.0,2320.0,2011-11-20,Sun
2011-11-22,1359.0,35.0,628.0,49.0,46.0,2117.0,2011-11-22,Tue
2011-11-23,2055.0,135.0,656.0,117.0,51.0,3014.0,2011-11-23,Wed
2011-11-24,2507.0,-72.0,961.0,298.0,185.0,3879.0,2011-11-24,Thu
2011-11-25,3622.0,197.0,1782.0,348.0,64.0,6013.0,2011-11-25,Fri
2011-11-26,3933.0,226.0,1315.0,265.0,114.0,5853.0,2011-11-26,Sat
2011-11-27,2437.0,152.0,1020.0,76.0,71.0,3756.0,2011-11-27,Sun
2011-11-29,2138.0,127.0,926.0,149.0,98.0,3438.0,2011-11-29,Tue
2011-11-30,-1528.0,62.0,1246.0,3466.0,103.0,3349.0,2011-11-30,Wed
2011-12-01,2224.0,131.0,877.0,202.0,116.0,3550.0,2011-12-01,Thu
2011-12-02,3690.0,207.0,1793.0,178.0,160.0,6028.0,2011-12-02,Fri
2011-12-03,4330.0,245.0,1898.0,332.0,197.0,7002.0,2011-12-03,Sat
2011-12-04,1241.0,72.0,592.0,24.0,52.0,1981.0,2011-12-04,Sun
2011-12-06,2196.0,91.0,1113.0,77.0,97.0,3574.0,2011-12-06,Tue
2011-12-07,3139.0,132.0,1608.0,94.0,45.0,5018.0,2011-12-07,Wed
2011-12-08,18.0,-0.0,-0.0,-0.0,-0.0,18.0,2011-12-08,Thu
2011-12-09,7467.0,361.0,2699.0,804.0,206.0,11537.0,2011-12-09,Fri
2011-12-10,1519.0,53.0,797.0,12.0,26.0,2407.0,2011-12-10,Sat
2011-12-11,3449.0,164.0,1923.0,338.0,26.0,5900.0,2011-12-11,Sun
2011-12-13,1908.0,125.0,900.0,214.0,97.0,3244.0,2011-12-13,Tue
2011-12-14,3194.0,164.0,1772.0,290.0,33.0,5453.0,2011-12-14,Wed
2011-12-15,2680.0,176.0,1750.0,372.0,52.0,5030.0,2011-12-15,Thu
2011-12-16,2904.0,21.0,1334.0,184.0,83.0,4526.0,2011-12-16,Fri
2011-12-17,3717.0,167.0,1375.0,236.0,154.0,5649.0,2011-12-17,Sat
2011-12-18,1743.0,95.0,550.0,130.0,69.0,2587.0,2011-12-18,Sun
2011-12-20,2459.0,155.0,1751.0,193.0,57.0,4615.0,2011-12-20,Tue
2011-12-21,3405.0,144.0,2097.0,374.0,57.0,6077.0,2011-12-21,Wed
2011-12-22,2012.0,99.0,1061.0,194.0,58.0,3424.0,2011-12-22,Thu
2011-12-23,2507.0,135.0,824.0,215.0,69.0,3750.0,2011-12-23,Fri
2011-12-29,2527.0,103.0,1195.0,157.0,91.0,4073.0,2011-12-29,Thu
2011-12-30,2378.0,137.0,1210.0,241.0,87.0,4053.0,2011-12-30,Fri
2011-12-31,2387.0,550.0,1357.0,1888.0,7.0,6189.0,2011-12-31,Sat
2012-01-05,2845.0,146.0,1479.0,173.0,65.0,4708.0,2012-01-05,Thu
2012-01-06,3928.0,255.0,1990.0,650.0,161.0,6984.0,2012-01-06,Fri
2012-01-07,5116.0,27.0,2319.0,661.0,373.0,8496.0,2012-01-07,Sat
2012-01-08,1302.0,92.0,424.0,49.0,19.0,1886.0,2012-01-08,Sun
2012-01-10,1487.0,93.0,552.0,98.0,71.0,2301.0,2012-01-10,Tue
2012-01-12,5012.0,189.0,2512.0,388.0,189.0,8290.0,2012-01-12,Thu
2012-01-13,3214.0,139.0,1702.0,332.0,128.0,5515.0,2012-01-13,Fri
2012-01-14,3820.0,199.0,2271.0,364.0,26.0,6680.0,2012-01-14,Sat
2012-01-15,1936.0,105.0,869.0,135.0,20.0,3065.0,2012-01-15,Sun
2012-01-17,1385.0,95.0,592.0,75.0,33.0,2180.0,2012-01-17,Tue
2012-01-18,1716.0,74.0,647.0,173.0,89.0,2699.0,2012-01-18,Wed
2012-01-19,2339.0,105.0,941.0,251.0,84.0,3720.0,2012-01-19,Thu
2012-01-20,3226.0,131.0,1630.0,331.0,141.0,5459.0,2012-01-20,Fri
2012-01-21,3498.0,240.0,1887.0,495.0,110.0,6230.0,2012-01-21,Sat
2012-01-22,1652.0,104.0,574.0,153.0,24.0,2507.0,2012-01-22,Sun
2012-01-24,1008.0,74.0,544.0,115.0,-0.0,1741.0,2012-01-24,Tue
2012-01-26,2073.0,112.0,877.0,142.0,116.0,3320.0,2012-01-26,Thu
2012-01-27,5478.0,235.0,2728.0,632.0,251.0,9324.0,2012-01-27,Fri
2012-01-28,3291.0,230.0,1314.0,345.0,58.0,5238.0,2012-01-28,Sat
2012-01-30,1396.0,124.0,474.0,39.0,37.0,2070.0,2012-01-30,Mon
2012-01-31,1681.0,75.0,743.0,172.0,109.0,2780.0,2012-01-31,Tue
2012-02-01,1542.0,48.0,869.0,41.0,44.0,2544.0,2012-02-01,Wed
2012-02-02,1478.0,75.0,716.0,130.0,38.0,2437.0,2012-02-02,Thu
2012-02-03,3307.0,130.0,1536.0,598.0,83.0,5654.0,2012-02-03,Fri
2012-02-04,4155.0,208.0,2055.0,364.0,128.0,6910.0,2012-02-04,Sat
2012-02-05,1286.0,83.0,368.0,35.0,46.0,1818.0,2012-02-05,Sun
2012-02-07,1096.0,64.0,395.0,43.0,65.0,1663.0,2012-02-07,Tue
2012-02-08,1355.0,67.0,843.0,85.0,57.0,2407.0,2012-02-08,Wed
2012-02-09,1760.0,73.0,882.0,238.0,65.0,3018.0,2012-02-09,Thu
2012-02-10,2970.0,150.0,1274.0,426.0,256.0,5076.0,2012-02-10,Fri
2012-02-11,3786.0,202.0,1814.0,669.0,91.0,6562.0,2012-02-11,Sat
2012-02-12,1016.0,54.0,560.0,116.0,12.0,1758.0,2012-02-12,Sun
2012-02-14,3452.0,152.0,1539.0,290.0,129.0,5562.0,2012-02-14,Tue
2012-02-15,1648.0,84.0,1103.0,250.0,32.0,3117.0,2012-02-15,Wed
2012-02-16,1972.0,117.0,854.0,189.0,78.0,3210.0,2012-02-16,Thu
2012-02-17,3246.0,221.0,1631.0,354.0,32.0,5484.0,2012-02-17,Fri
2012-02-18,3164.0,211.0,1550.0,128.0,56.0,5109.0,2012-02-18,Sat
2012-02-19,2172.0,107.0,1137.0,187.0,110.0,3713.0,2012-02-19,Sun
2012-02-21,758.0,43.0,317.0,33.0,38.0,1189.0,2012-02-21,Tue
2012-02-22,1163.0,37.0,649.0,188.0,20.0,2057.0,2012-02-22,Wed
2012-02-23,1886.0,110.0,936.0,126.0,19.0,3077.0,2012-02-23,Thu
2012-02-24,2457.0,106.0,1366.0,245.0,85.0,4259.0,2012-02-24,Fri
2012-02-25,3377.0,215.0,1529.0,201.0,121.0,5443.0,2012-02-25,Sat
2012-02-26,1636.0,90.0,574.0,124.0,45.0,2469.0,2012-02-26,Sun
2012-02-28,1577.0,78.0,595.0,79.0,71.0,2400.0,2012-02-28,Tue
2012-02-29,1843.0,86.0,951.0,217.0,51.0,3148.0,2012-02-29,Wed
2012-03-01,1640.0,86.0,720.0,177.0,58.0,2681.0,2012-03-01,Thu
2012-03-02,3140.0,188.0,1498.0,364.0,71.0,5261.0,2012-03-02,Fri
2012-03-03,3823.0,242.0,1850.0,404.0,141.0,6460.0,2012-03-03,Sat
2012-03-04,2722.0,183.0,1246.0,148.0,58.0,4357.0,2012-03-04,Sun
2012-03-06,885.0,57.0,407.0,283.0,-0.0,1632.0,2012-03-06,Tue
2012-03-07,1949.0,104.0,944.0,220.0,77.0,3294.0,2012-03-07,Wed
2012-03-08,1761.0,71.0,866.0,158.0,95.0,2951.0,2012-03-08,Thu
2012-03-09,3681.0,168.0,1864.0,438.0,151.0,6302.0,2012-03-09,Fri
2012-03-10,4568.0,298.0,2065.0,467.0,170.0,7568.0,2012-03-10,Sat
2012-03-11,2478.0,150.0,627.0,132.0,96.0,3483.0,2012-03-11,Sun
2012-03-13,2037.0,82.0,907.0,156.0,45.0,3227.0,2012-03-13,Tue
2012-03-14,2267.0,99.0,1157.0,222.0,165.0,3910.0,2012-03-14,Wed
2012-03-15,2586.0,143.0,1179.0,211.0,72.0,4191.0,2012-03-15,Thu
2012-03-16,4938.0,223.0,2242.0,419.0,179.0,8001.0,2012-03-16,Fri
2012-03-17,4923.0,275.0,1934.0,533.0,33.0,7698.0,2012-03-17,Sat
2012-03-18,2248.0,161.0,1046.0,201.0,89.0,3745.0,2012-03-18,Sun
2012-03-20,2058.0,74.0,1221.0,126.0,117.0,3596.0,2012-03-20,Tue
2012-03-21,2195.0,103.0,1167.0,230.0,122.0,3817.0,2012-03-21,Wed
2012-03-22,2741.0,119.0,1307.0,404.0,264.0,4835.0,2012-03-22,Thu
2012-03-23,4258.0,145.0,2170.0,438.0,164.0,7175.0,2012-03-23,Fri
2012-03-24,4784.0,269.0,2036.0,594.0,193.0,7876.0,2012-03-24,Sat
2012-03-25,1943.0,78.0,608.0,170.0,65.0,2864.0,2012-03-25,Sun
2012-03-27,1551.0,69.0,727.0,44.0,45.0,2436.0,2012-03-27,Tue
2012-03-28,1968.0,118.0,810.0,71.0,51.0,3018.0,2012-03-28,Wed
2012-03-29,2544.0,96.0,1103.0,205.0,116.0,4064.0,2012-03-29,Thu
2012-03-30,3981.0,163.0,2273.0,279.0,210.0,6906.0,2012-03-30,Fri
2012-03-31,4998.0,214.0,2743.0,486.0,189.0,8630.0,2012-03-31,Sat
2012-04-01,2534.0,17.0,857.0,128.0,197.0,3733.0,2012-04-01,Sun
2012-04-03,2875.0,151.0,1212.0,165.0,45.0,4448.0,2012-04-03,Tue
2012-04-04,1603.0,89.0,706.0,117.0,58.0,2573.0,2012-04-04,Wed
2012-04-05,3560.0,137.0,2013.0,360.0,164.0,6234.0,2012-04-05,Thu
2012-04-06,3948.0,142.0,1988.0,356.0,116.0,6550.0,2012-04-06,Fri
2012-04-07,3690.0,161.0,1719.0,264.0,90.0,5924.0,2012-04-07,Sat
2012-04-08,2064.0,112.0,877.0,187.0,45.0,3285.0,2012-04-08,Sun
2012-04-10,2507.0,103.0,1770.0,203.0,13.0,4596.0,2012-04-10,Tue
2012-04-11,2592.0,81.0,1220.0,140.0,52.0,4085.0,2012-04-11,Wed
2012-04-12,2738.0,113.0,1359.0,48.0,104.0,4362.0,2012-04-12,Thu
2012-04-13,4317.0,232.0,2731.0,491.0,89.0,7860.0,2012-04-13,Fri
2012-04-14,4524.0,240.0,2157.0,505.0,192.0,7618.0,2012-04-14,Sat
2012-04-15,2616.0,129.0,1240.0,168.0,135.0,4288.0,2012-04-15,Sun
2012-04-17,2522.0,107.0,1072.0,216.0,59.0,3976.0,2012-04-17,Tue
2012-04-18,2044.0,66.0,840.0,187.0,129.0,3266.0,2012-04-18,Wed
2012-04-19,3120.0,201.0,2243.0,406.0,57.0,6027.0,2012-04-19,Thu
2012-04-20,4299.0,279.0,2193.0,320.0,197.0,7288.0,2012-04-20,Fri
2012-04-21,4753.0,249.0,2155.0,312.0,89.0,7558.0,2012-04-21,Sat
2012-04-22,2945.0,196.0,1444.0,227.0,116.0,4928.0,2012-04-22,Sun
2012-04-24,2729.0,124.0,1736.0,95.0,176.0,4860.0,2012-04-24,Tue
2012-04-25,2684.0,144.0,1013.0,12.0,70.0,3923.0,2012-04-25,Wed
2012-04-26,3499.0,177.0,1924.0,78.0,172.0,5850.0,2012-04-26,Thu
2012-04-27,4073.0,170.0,2149.0,457.0,58.0,6907.0,2012-04-27,Fri
2012-04-28,4931.0,245.0,2592.0,347.0,83.0,8198.0,2012-04-28,Sat
2012-04-29,2632.0,162.0,919.0,176.0,76.0,3965.0,2012-04-29,Sun
2012-04-30,451.0,20.0,235.0,31.0,98.0,835.0,2012-04-30,Mon
2012-05-01,2223.0,125.0,1219.0,252.0,58.0,3877.0,2012-05-01,Tue
2012-05-02,1548.0,63.0,819.0,170.0,13.0,2613.0,2012-05-02,Wed
2012-05-03,2890.0,125.0,1640.0,177.0,129.0,4961.0,2012-05-03,Thu
2012-05-04,4052.0,226.0,2293.0,374.0,188.0,7133.0,2012-05-04,Fri
2012-05-05,5074.0,167.0,2613.0,590.0,128.0,8572.0,2012-05-05,Sat
2012-05-06,2250.0,131.0,817.0,46.0,96.0,3340.0,2012-05-06,Sun
2012-05-08,2751.0,107.0,2071.0,145.0,65.0,5139.0,2012-05-08,Tue
2012-05-09,2774.0,154.0,1249.0,131.0,38.0,4346.0,2012-05-09,Wed
2012-05-10,2409.0,90.0,1360.0,184.0,39.0,4082.0,2012-05-10,Thu
2012-05-11,4832.0,322.0,2131.0,256.0,155.0,7696.0,2012-05-11,Fri
2012-05-12,4712.0,311.0,1710.0,572.0,189.0,7494.0,2012-05-12,Sat
2012-05-13,6155.0,414.0,1919.0,226.0,247.0,8961.0,2012-05-13,Sun
2012-05-15,2788.0,157.0,1106.0,113.0,61.0,4225.0,2012-05-15,Tue
2012-05-16,2595.0,134.0,1021.0,161.0,153.0,4064.0,2012-05-16,Wed
2012-05-17,2452.0,124.0,1872.0,192.0,68.0,4708.0,2012-05-17,Thu
2012-05-18,4247.0,236.0,1815.0,380.0,161.0,6839.0,2012-05-18,Fri
2012-05-19,4784.0,430.0,2299.0,618.0,181.0,8312.0,2012-05-19,Sat
2012-05-20,4080.0,353.0,1606.0,292.0,229.0,6560.0,2012-05-20,Sun
2012-05-22,1412.0,62.0,777.0,48.0,47.0,2346.0,2012-05-22,Tue
2012-05-23,2986.0,144.0,1546.0,96.0,155.0,4927.0,2012-05-23,Wed
2012-05-24,3163.0,206.0,1942.0,112.0,74.0,5497.0,2012-05-24,Thu
2012-05-25,4411.0,160.0,2233.0,435.0,229.0,7468.0,2012-05-25,Fri
2012-05-26,6863.0,471.0,3686.0,715.0,233.0,11968.0,2012-05-26,Sat
2012-05-27,4035.0,294.0,1780.0,216.0,201.0,6526.0,2012-05-27,Sun
2012-05-29,2515.0,152.0,1144.0,150.0,130.0,4091.0,2012-05-29,Tue
2012-05-30,2152.0,114.0,814.0,60.0,87.0,3227.0,2012-05-30,Wed
2012-05-31,3916.0,166.0,2020.0,409.0,411.0,6922.0,2012-05-31,Thu
2012-06-01,2966.0,202.0,1673.0,275.0,128.0,5244.0,2012-06-01,Fri
2012-06-02,5467.0,323.0,3039.0,549.0,88.0,9466.0,2012-06-02,Sat
2012-06-03,4067.0,317.0,1806.0,163.0,150.0,6503.0,2012-06-03,Sun
2012-06-04,7.0,-0.0,-0.0,-0.0,14.0,21.0,2012-06-04,Mon
2012-06-05,2529.0,87.0,1407.0,138.0,82.0,4243.0,2012-06-05,Tue
2012-06-06,3412.0,207.0,2360.0,170.0,74.0,6223.0,2012-06-06,Wed
2012-06-07,3613.0,239.0,1989.0,384.0,101.0,6326.0,2012-06-07,Thu
2012-06-08,4769.0,273.0,2609.0,801.0,195.0,8647.0,2012-06-08,Fri
2012-06-09,5513.0,395.0,2217.0,622.0,195.0,8942.0,2012-06-09,Sat
2012-06-10,2888.0,199.0,969.0,209.0,127.0,4392.0,2012-06-10,Sun
2012-06-12,3470.0,238.0,1752.0,224.0,127.0,5811.0,2012-06-12,Tue
2012-06-13,3384.0,183.0,1488.0,392.0,127.0,5574.0,2012-06-13,Wed
2012-06-14,3998.0,159.0,2289.0,273.0,128.0,6847.0,2012-06-14,Thu
2012-06-15,5469.0,265.0,2278.0,591.0,255.0,8858.0,2012-06-15,Fri
2012-06-16,5605.0,298.0,2710.0,566.0,222.0,9401.0,2012-06-16,Sat
2012-06-17,3570.0,275.0,931.0,216.0,148.0,5140.0,2012-06-17,Sun
2012-06-18,2250.0,-0.0,3060.0,-0.0,-0.0,5310.0,2012-06-18,Mon
2012-06-19,2681.0,105.0,1503.0,178.0,67.0,4534.0,2012-06-19,Tue
2012-06-20,2826.0,262.0,1451.0,229.0,94.0,4862.0,2012-06-20,Wed
2012-06-21,4753.0,209.0,2729.0,350.0,140.0,8181.0,2012-06-21,Thu
2012-06-22,5202.0,343.0,2990.0,519.0,180.0,9234.0,2012-06-22,Fri
2012-06-23,4726.0,280.0,1696.0,680.0,310.0,7692.0,2012-06-23,Sat
2012-06-24,3201.0,218.0,1375.0,293.0,134.0,5221.0,2012-06-24,Sun
2012-06-26,3158.0,175.0,2273.0,123.0,74.0,5803.0,2012-06-26,Tue
2012-06-27,3023.0,117.0,1872.0,292.0,168.0,5472.0,2012-06-27,Wed
2012-06-28,2953.0,134.0,1316.0,440.0,47.0,4890.0,2012-06-28,Thu
2012-06-29,4510.0,358.0,2021.0,490.0,166.0,7545.0,2012-06-29,Fri
2012-06-30,4845.0,200.0,2362.0,664.0,161.0,8232.0,2012-06-30,Sat
2012-07-01,2140.0,144.0,703.0,238.0,135.0,3360.0,2012-07-01,Sun
2012-07-03,2032.0,110.0,1248.0,226.0,47.0,3663.0,2012-07-03,Tue
2012-07-04,2198.0,83.0,979.0,266.0,234.0,3760.0,2012-07-04,Wed
2012-07-05,3625.0,186.0,1405.0,643.0,364.0,6223.0,2012-07-05,Thu
2012-07-06,4375.0,249.0,1541.0,720.0,168.0,7053.0,2012-07-06,Fri
2012-07-07,4656.0,228.0,2427.0,353.0,114.0,7778.0,2012-07-07,Sat
2012-07-08,2200.0,141.0,795.0,365.0,175.0,3676.0,2012-07-08,Sun
2012-07-10,2908.0,139.0,1487.0,292.0,60.0,4886.0,2012-07-10,Tue
2012-07-11,4034.0,256.0,2306.0,433.0,301.0,7330.0,2012-07-11,Wed
2012-07-12,3554.0,250.0,1884.0,412.0,302.0,6402.0,2012-07-12,Thu
2012-07-13,4906.0,278.0,2721.0,430.0,115.0,8450.0,2012-07-13,Fri
2012-07-14,3951.0,265.0,2106.0,561.0,290.0,7173.0,2012-07-14,Sat
2012-07-15,2607.0,178.0,930.0,236.0,68.0,4019.0,2012-07-15,Sun
2012-07-17,2113.0,117.0,1040.0,189.0,142.0,3601.0,2012-07-17,Tue
2012-07-18,3672.0,269.0,2173.0,185.0,95.0,6394.0,2012-07-18,Wed
2012-07-20,9277.0,551.0,4570.0,1021.0,324.0,15743.0,2012-07-20,Fri
2012-07-21,4171.0,313.0,1566.0,180.0,189.0,6419.0,2012-07-21,Sat
2012-07-22,1818.0,94.0,627.0,93.0,95.0,2727.0,2012-07-22,Sun
2012-07-24,3854.0,180.0,1820.0,592.0,115.0,6561.0,2012-07-24,Tue
2012-07-25,2907.0,221.0,1425.0,85.0,114.0,4752.0,2012-07-25,Wed
2012-07-26,2576.0,138.0,1736.0,202.0,148.0,4800.0,2012-07-26,Thu
2012-07-27,3836.0,243.0,1454.0,392.0,169.0,6094.0,2012-07-27,Fri
2012-07-28,4310.0,213.0,1518.0,638.0,121.0,6800.0,2012-07-28,Sat
2012-07-29,2795.0,188.0,1543.0,347.0,119.0,4992.0,2012-07-29,Sun
2012-07-30,-540.0,-0.0,-0.0,-0.0,-0.0,-540.0,2012-07-30,Mon
2012-07-31,2681.0,158.0,1587.0,362.0,74.0,4862.0,2012-07-31,Tue
2012-08-01,3461.0,146.0,2221.0,364.0,67.0,6259.0,2012-08-01,Wed
2012-08-02,4766.0,140.0,2350.0,389.0,132.0,7777.0,2012-08-02,Thu
2012-08-03,3644.0,170.0,1680.0,690.0,108.0,6292.0,2012-08-03,Fri
2012-08-04,3257.0,198.0,1068.0,318.0,221.0,5062.0,2012-08-04,Sat
2012-08-05,2782.0,170.0,796.0,402.0,54.0,4204.0,2012-08-05,Sun
2012-08-08,2329.0,139.0,1105.0,164.0,95.0,3832.0,2012-08-08,Wed
2012-08-09,3092.0,150.0,1469.0,323.0,182.0,5216.0,2012-08-09,Thu
2012-08-10,7411.0,342.0,3569.0,750.0,250.0,12322.0,2012-08-10,Fri
2012-08-11,4607.0,277.0,1912.0,422.0,189.0,7407.0,2012-08-11,Sat
2012-08-12,2530.0,103.0,856.0,251.0,114.0,3854.0,2012-08-12,Sun
2012-08-14,1861.0,66.0,839.0,173.0,68.0,3007.0,2012-08-14,Tue
2012-08-15,2789.0,138.0,1574.0,506.0,202.0,5209.0,2012-08-15,Wed
2012-08-16,4244.0,184.0,2174.0,548.0,243.0,7393.0,2012-08-16,Thu
2012-08-17,5404.0,300.0,2440.0,634.0,189.0,8967.0,2012-08-17,Fri
2012-08-19,5990.0,319.0,2643.0,889.0,215.0,10056.0,2012-08-19,Sun
2012-08-21,3382.0,169.0,1491.0,191.0,27.0,5260.0,2012-08-21,Tue
2012-08-22,4226.0,218.0,2051.0,306.0,222.0,7023.0,2012-08-22,Wed
2012-08-23,3440.0,249.0,1649.0,197.0,149.0,5684.0,2012-08-23,Thu
2012-08-24,4803.0,404.0,1922.0,460.0,208.0,7797.0,2012-08-24,Fri
2012-08-25,5312.0,342.0,2547.0,481.0,140.0,8822.0,2012-08-25,Sat
2012-08-26,2983.0,132.0,1266.0,149.0,132.0,4662.0,2012-08-26,Sun
2012-08-28,3061.0,198.0,1423.0,303.0,135.0,5120.0,2012-08-28,Tue
2012-08-29,3126.0,241.0,1581.0,444.0,175.0,5567.0,2012-08-29,Wed
2012-08-30,3375.0,278.0,2119.0,376.0,61.0,6209.0,2012-08-30,Thu
2012-08-31,5449.0,335.0,2626.0,953.0,343.0,9706.0,2012-08-31,Fri
2012-09-01,4356.0,333.0,1823.0,577.0,40.0,7129.0,2012-09-01,Sat
2012-09-02,5515.0,262.0,2231.0,511.0,290.0,8809.0,2012-09-02,Sun
2012-09-04,1954.0,92.0,912.0,194.0,14.0,3166.0,2012-09-04,Tue
2012-09-05,1862.0,114.0,973.0,153.0,100.0,3202.0,2012-09-05,Wed
2012-09-06,3401.0,213.0,1668.0,289.0,148.0,5719.0,2012-09-06,Thu
2012-09-07,4680.0,281.0,2450.0,359.0,229.0,7999.0,2012-09-07,Fri
2012-09-08,6444.0,421.0,3144.0,379.0,256.0,10644.0,2012-09-08,Sat
2012-09-09,4930.0,296.0,1448.0,186.0,222.0,7082.0,2012-09-09,Sun
2012-09-10,-0.0,-0.0,-0.0,-0.0,15.0,15.0,2012-09-10,Mon
2012-09-11,2849.0,156.0,1522.0,163.0,115.0,4805.0,2012-09-11,Tue
2012-09-12,1943.0,95.0,973.0,186.0,61.0,3258.0,2012-09-12,Wed
2012-09-13,2977.0,131.0,1205.0,257.0,195.0,4765.0,2012-09-13,Thu
2012-09-14,5870.0,264.0,2309.0,420.0,122.0,8985.0,2012-09-14,Fri
2012-09-15,5289.0,349.0,2682.0,438.0,154.0,8912.0,2012-09-15,Sat
2012-09-16,3480.0,306.0,1104.0,274.0,128.0,5292.0,2012-09-16,Sun
2012-09-18,2401.0,124.0,1265.0,113.0,41.0,3944.0,2012-09-18,Tue
2012-09-19,2490.0,106.0,1349.0,101.0,47.0,4093.0,2012-09-19,Wed
2012-09-20,2351.0,111.0,1686.0,150.0,34.0,4332.0,2012-09-20,Thu
2012-09-21,3804.0,218.0,2524.0,313.0,41.0,6900.0,2012-09-21,Fri
2012-09-22,4449.0,293.0,2493.0,707.0,134.0,8076.0,2012-09-22,Sat
2012-09-23,2380.0,119.0,1269.0,158.0,34.0,3960.0,2012-09-23,Sun
2012-09-25,2734.0,159.0,1229.0,268.0,47.0,4437.0,2012-09-25,Tue
2012-09-26,1972.0,69.0,1223.0,484.0,115.0,3863.0,2012-09-26,Wed
2012-09-27,2082.0,99.0,887.0,70.0,81.0,3219.0,2012-09-27,Thu
2012-09-28,4342.0,261.0,2409.0,421.0,134.0,7567.0,2012-09-28,Fri
2012-09-29,4956.0,279.0,2410.0,338.0,203.0,8186.0,2012-09-29,Sat
2012-09-30,1825.0,124.0,693.0,232.0,27.0,2901.0,2012-09-30,Sun
2012-10-02,2782.0,169.0,1538.0,181.0,47.0,4717.0,2012-10-02,Tue
2012-10-03,1107.0,64.0,579.0,107.0,20.0,1877.0,2012-10-03,Wed
2012-10-04,2163.0,144.0,1190.0,204.0,108.0,3809.0,2012-10-04,Thu
2012-10-05,3348.0,259.0,1176.0,330.0,47.0,5160.0,2012-10-05,Fri
2012-10-06,3276.0,181.0,1519.0,450.0,189.0,5615.0,2012-10-06,Sat
2012-10-07,910.0,58.0,516.0,16.0,14.0,1514.0,2012-10-07,Sun
2012-10-09,1046.0,58.0,918.0,24.0,7.0,2053.0,2012-10-09,Tue
2012-10-10,1292.0,81.0,820.0,131.0,14.0,2338.0,2012-10-10,Wed
2012-10-11,2044.0,83.0,964.0,142.0,121.0,3354.0,2012-10-11,Thu
2012-10-12,4104.0,118.0,2778.0,369.0,175.0,7544.0,2012-10-12,Fri
2012-10-13,4828.0,140.0,2106.0,339.0,81.0,7494.0,2012-10-13,Sat
2012-10-14,1687.0,33.0,866.0,185.0,47.0,2818.0,2012-10-14,Sun
2012-10-15,1418.0,37.0,1027.0,8.0,27.0,2517.0,2012-10-15,Mon
2012-10-16,1989.0,66.0,1086.0,133.0,81.0,3355.0,2012-10-16,Tue
2012-10-17,1790.0,70.0,784.0,162.0,47.0,2853.0,2012-10-17,Wed
2012-10-18,1616.0,55.0,1020.0,131.0,14.0,2836.0,2012-10-18,Thu
2012-10-19,3810.0,125.0,2142.0,351.0,101.0,6529.0,2012-10-19,Fri
2012-10-20,4861.0,128.0,2482.0,536.0,108.0,8115.0,2012-10-20,Sat
2012-10-21,2467.0,80.0,1166.0,95.0,34.0,3842.0,2012-10-21,Sun
2012-10-22,703.0,7.0,486.0,90.0,14.0,1300.0,2012-10-22,Mon
2012-10-23,1331.0,90.0,697.0,35.0,40.0,2193.0,2012-10-23,Tue
2012-10-24,2310.0,68.0,1416.0,93.0,14.0,3901.0,2012-10-24,Wed
2012-10-25,2319.0,96.0,1497.0,199.0,20.0,4131.0,2012-10-25,Thu
2012-10-26,4985.0,88.0,3215.0,234.0,128.0,8650.0,2012-10-26,Fri
2012-10-27,4279.0,162.0,2199.0,349.0,94.0,7083.0,2012-10-27,Sat
2012-10-28,2717.0,110.0,1025.0,162.0,74.0,4088.0,2012-10-28,Sun
2012-10-29,668.0,43.0,300.0,9.0,7.0,1027.0,2012-10-29,Mon
2012-10-30,1128.0,12.0,852.0,60.0,7.0,2059.0,2012-10-30,Tue
2012-10-31,1313.0,23.0,654.0,153.0,27.0,2170.0,2012-10-31,Wed
2012-11-01,1680.0,41.0,1496.0,285.0,34.0,3536.0,2012-11-01,Thu
2012-11-02,4261.0,218.0,2453.0,534.0,74.0,7540.0,2012-11-02,Fri
2012-11-03,4867.0,226.0,2642.0,482.0,54.0,8271.0,2012-11-03,Sat
2012-11-04,2093.0,65.0,963.0,170.0,100.0,3391.0,2012-11-04,Sun
2012-11-05,1150.0,50.0,1003.0,119.0,26.0,2348.0,2012-11-05,Mon
2012-11-06,1131.0,25.0,545.0,18.0,14.0,1733.0,2012-11-06,Tue
2012-11-07,1675.0,38.0,1051.0,24.0,54.0,2842.0,2012-11-07,Wed
2012-11-08,2271.0,66.0,1244.0,214.0,47.0,3842.0,2012-11-08,Thu
2012-11-09,4044.0,148.0,2543.0,513.0,101.0,7349.0,2012-11-09,Fri
2012-11-10,5388.0,210.0,2755.0,632.0,34.0,9019.0,2012-11-10,Sat
2012-11-11,1945.0,55.0,764.0,20.0,14.0,2798.0,2012-11-11,Sun
2012-11-12,1341.0,80.0,830.0,104.0,20.0,2375.0,2012-11-12,Mon
2012-11-13,2009.0,62.0,1512.0,132.0,20.0,3735.0,2012-11-13,Tue
2012-11-14,1196.0,32.0,520.0,39.0,-0.0,1787.0,2012-11-14,Wed
2012-11-15,2306.0,31.0,1095.0,172.0,53.0,3657.0,2012-11-15,Thu
2012-11-16,3967.0,134.0,2365.0,342.0,141.0,6949.0,2012-11-16,Fri
2012-11-17,4619.0,174.0,2311.0,610.0,212.0,7926.0,2012-11-17,Sat
2012-11-18,2375.0,52.0,821.0,107.0,60.0,3415.0,2012-11-18,Sun
2012-11-19,852.0,13.0,338.0,39.0,47.0,1289.0,2012-11-19,Mon
2012-11-20,1344.0,55.0,1112.0,97.0,-0.0,2608.0,2012-11-20,Tue
2012-11-21,1869.0,42.0,838.0,65.0,54.0,2868.0,2012-11-21,Wed
2012-11-22,1892.0,66.0,1257.0,266.0,66.0,3547.0,2012-11-22,Thu
2012-11-23,4591.0,95.0,2225.0,414.0,176.0,7501.0,2012-11-23,Fri
2012-11-24,4408.0,196.0,2381.0,402.0,107.0,7494.0,2012-11-24,Sat
2012-11-25,1619.0,57.0,621.0,46.0,-0.0,2343.0,2012-11-25,Sun
2012-11-26,1388.0,39.0,924.0,137.0,67.0,2555.0,2012-11-26,Mon
2012-11-27,1402.0,21.0,902.0,75.0,14.0,2414.0,2012-11-27,Tue
2012-11-28,1854.0,62.0,1036.0,146.0,7.0,3105.0,2012-11-28,Wed
2012-11-29,2207.0,95.0,1621.0,296.0,14.0,4233.0,2012-11-29,Thu
2012-11-30,3782.0,74.0,2535.0,218.0,114.0,6723.0,2012-11-30,Fri
2012-12-01,5090.0,142.0,2813.0,894.0,67.0,9006.0,2012-12-01,Sat
2012-12-02,2387.0,56.0,1072.0,204.0,73.0,3792.0,2012-12-02,Sun
2012-12-03,772.0,4.0,499.0,49.0,20.0,1344.0,2012-12-03,Mon
2012-12-04,2238.0,65.0,1858.0,275.0,54.0,4490.0,2012-12-04,Tue
2012-12-05,1443.0,68.0,647.0,90.0,34.0,2282.0,2012-12-05,Wed
2012-12-06,3058.0,67.0,2081.0,412.0,159.0,5777.0,2012-12-06,Thu
2012-12-07,4838.0,104.0,3298.0,720.0,120.0,9080.0,2012-12-07,Fri
2012-12-08,4184.0,162.0,2361.0,615.0,94.0,7416.0,2012-12-08,Sat
2012-12-09,2134.0,111.0,892.0,139.0,27.0,3303.0,2012-12-09,Sun
2012-12-10,1709.0,40.0,1200.0,128.0,20.0,3097.0,2012-12-10,Mon
2012-12-11,1272.0,14.0,952.0,86.0,34.0,2358.0,2012-12-11,Tue
2012-12-12,3753.0,144.0,3105.0,1128.0,73.0,8203.0,2012-12-12,Wed
2012-12-13,2754.0,79.0,2234.0,282.0,115.0,5464.0,2012-12-13,Thu
2012-12-14,4500.0,177.0,2442.0,611.0,216.0,7946.0,2012-12-14,Fri
2012-12-15,4413.0,120.0,2603.0,707.0,67.0,7910.0,2012-12-15,Sat
2012-12-16,1990.0,63.0,1351.0,144.0,20.0,3568.0,2012-12-16,Sun
2012-12-17,1670.0,39.0,962.0,126.0,20.0,2817.0,2012-12-17,Mon
2012-12-18,2374.0,111.0,2496.0,225.0,26.0,5232.0,2012-12-18,Tue
2012-12-19,4086.0,62.0,2800.0,323.0,94.0,7365.0,2012-12-19,Wed
2012-12-20,2733.0,50.0,1408.0,361.0,92.0,4644.0,2012-12-20,Thu
2012-12-21,3617.0,74.0,3476.0,356.0,67.0,7590.0,2012-12-21,Fri
2012-12-22,4089.0,92.0,2130.0,363.0,72.0,6746.0,2012-12-22,Sat
2012-12-23,2275.0,69.0,889.0,71.0,74.0,3378.0,2012-12-23,Sun
2012-12-28,2162.0,71.0,1042.0,292.0,107.0,3674.0,2012-12-28,Fri
2012-12-29,2616.0,107.0,1783.0,284.0,40.0,4830.0,2012-12-29,Sat
2012-12-30,1530.0,36.0,653.0,212.0,20.0,2451.0,2012-12-30,Sun
2012-12-31,5184.0,145.0,3697.0,345.0,108.0,9479.0,2012-12-31,Mon
2013-01-03,2423.0,113.0,1577.0,229.0,13.0,4355.0,2013-01-03,Thu
2013-01-04,3191.0,82.0,1387.0,303.0,79.0,5042.0,2013-01-04,Fri
2013-01-05,3894.0,93.0,2166.0,430.0,54.0,6637.0,2013-01-05,Sat
2013-01-06,1178.0,25.0,536.0,57.0,40.0,1836.0,2013-01-06,Sun
2013-01-08,1039.0,36.0,611.0,60.0,20.0,1766.0,2013-01-08,Tue
2013-01-09,1581.0,43.0,630.0,137.0,81.0,2472.0,2013-01-09,Wed
2013-01-10,1987.0,59.0,1137.0,85.0,54.0,3322.0,2013-01-10,Thu
2013-01-11,3795.0,97.0,2447.0,565.0,54.0,6958.0,2013-01-11,Fri
2013-01-12,4346.0,156.0,2116.0,679.0,168.0,7465.0,2013-01-12,Sat
2013-01-13,1112.0,19.0,264.0,130.0,12.0,1537.0,2013-01-13,Sun
2013-01-14,932.0,34.0,362.0,77.0,7.0,1412.0,2013-01-14,Mon
2013-01-15,1716.0,65.0,1106.0,150.0,27.0,3064.0,2013-01-15,Tue
2013-01-17,4443.0,66.0,3225.0,172.0,168.0,8074.0,2013-01-17,Thu
2013-01-18,4613.0,103.0,2366.0,528.0,74.0,7684.0,2013-01-18,Fri
2013-01-19,4138.0,190.0,2436.0,535.0,40.0,7339.0,2013-01-19,Sat
2013-01-20,1401.0,40.0,608.0,114.0,47.0,2210.0,2013-01-20,Sun
2013-01-21,789.0,22.0,372.0,98.0,14.0,1295.0,2013-01-21,Mon
2013-01-22,969.0,33.0,688.0,103.0,-0.0,1793.0,2013-01-22,Tue
2013-01-23,1608.0,37.0,852.0,301.0,26.0,2824.0,2013-01-23,Wed
2013-01-24,1349.0,14.0,697.0,68.0,-0.0,2128.0,2013-01-24,Thu
2013-01-25,3520.0,146.0,1948.0,342.0,54.0,6010.0,2013-01-25,Fri
2013-01-26,3563.0,100.0,1978.0,751.0,47.0,6439.0,2013-01-26,Sat
2013-01-27,1677.0,45.0,916.0,103.0,27.0,2768.0,2013-01-27,Sun
2013-01-28,615.0,32.0,302.0,-0.0,74.0,1023.0,2013-01-28,Mon
2013-01-29,1669.0,55.0,893.0,176.0,40.0,2833.0,2013-01-29,Tue
2013-01-30,1305.0,33.0,633.0,186.0,7.0,2164.0,2013-01-30,Wed
2013-01-31,1467.0,41.0,711.0,191.0,80.0,2490.0,2013-01-31,Thu
2013-02-01,3684.0,75.0,2126.0,625.0,53.0,6563.0,2013-02-01,Fri
2013-02-02,3948.0,148.0,2543.0,550.0,74.0,7263.0,2013-02-02,Sat
2013-02-03,404.0,12.0,125.0,-0.0,-0.0,541.0,2013-02-03,Sun
2013-02-04,535.0,13.0,534.0,55.0,20.0,1157.0,2013-02-04,Mon
2013-02-05,1312.0,38.0,882.0,25.0,27.0,2284.0,2013-02-05,Tue
2013-02-06,2280.0,189.0,1148.0,148.0,68.0,3833.0,2013-02-06,Wed
2013-02-07,1940.0,120.0,1379.0,243.0,47.0,3729.0,2013-02-07,Thu
2013-02-08,1490.0,46.0,955.0,111.0,20.0,2622.0,2013-02-08,Fri
2013-02-09,3966.0,237.0,1922.0,369.0,73.0,6567.0,2013-02-09,Sat
2013-02-10,2043.0,104.0,834.0,179.0,41.0,3201.0,2013-02-10,Sun
2013-02-11,710.0,68.0,382.0,95.0,14.0,1269.0,2013-02-11,Mon
2013-02-12,1616.0,119.0,845.0,84.0,101.0,2765.0,2013-02-12,Tue
2013-02-13,2690.0,120.0,1613.0,318.0,41.0,4782.0,2013-02-13,Wed
2013-02-14,4973.0,183.0,2276.0,724.0,128.0,8284.0,2013-02-14,Thu
2013-02-15,4728.0,262.0,2636.0,687.0,142.0,8455.0,2013-02-15,Fri
2013-02-16,4450.0,221.0,1498.0,524.0,87.0,6780.0,2013-02-16,Sat
2013-02-18,2658.0,119.0,1584.0,224.0,127.0,4712.0,2013-02-18,Mon
2013-02-19,763.0,73.0,445.0,138.0,7.0,1426.0,2013-02-19,Tue
2013-02-20,1072.0,53.0,567.0,112.0,14.0,1818.0,2013-02-20,Wed
2013-02-21,1282.0,37.0,570.0,165.0,13.0,2067.0,2013-02-21,Thu
2013-02-22,3779.0,243.0,2413.0,341.0,125.0,6901.0,2013-02-22,Fri
2013-02-23,4396.0,252.0,2124.0,429.0,121.0,7322.0,2013-02-23,Sat
2013-02-24,918.0,31.0,268.0,26.0,34.0,1277.0,2013-02-24,Sun
2013-02-25,641.0,61.0,434.0,21.0,13.0,1170.0,2013-02-25,Mon
2013-02-26,1384.0,63.0,680.0,63.0,115.0,2305.0,2013-02-26,Tue
2013-02-27,920.0,45.0,559.0,33.0,13.0,1570.0,2013-02-27,Wed
2013-02-28,2393.0,156.0,1116.0,219.0,39.0,3923.0,2013-02-28,Thu
2013-03-01,3321.0,210.0,1780.0,331.0,47.0,5689.0,2013-03-01,Fri
2013-03-02,4119.0,275.0,1866.0,486.0,74.0,6820.0,2013-03-02,Sat
2013-03-03,1880.0,103.0,915.0,154.0,27.0,3079.0,2013-03-03,Sun
2013-03-04,760.0,80.0,348.0,51.0,-0.0,1239.0,2013-03-04,Mon
2013-03-05,1148.0,74.0,586.0,124.0,34.0,1966.0,2013-03-05,Tue
2013-03-06,1484.0,58.0,845.0,47.0,14.0,2448.0,2013-03-06,Wed
2013-03-07,1265.0,88.0,548.0,24.0,87.0,2012.0,2013-03-07,Thu
2013-03-08,3630.0,238.0,2388.0,479.0,87.0,6822.0,2013-03-08,Fri
2013-03-09,4554.0,229.0,2551.0,580.0,222.0,8136.0,2013-03-09,Sat
2013-03-10,1355.0,78.0,462.0,88.0,41.0,2024.0,2013-03-10,Sun
2013-03-11,1433.0,146.0,927.0,128.0,7.0,2641.0,2013-03-11,Mon
2013-03-12,1479.0,131.0,480.0,78.0,47.0,2215.0,2013-03-12,Tue
2013-03-13,1824.0,66.0,1307.0,59.0,7.0,3263.0,2013-03-13,Wed
2013-03-14,2148.0,105.0,1372.0,155.0,34.0,3814.0,2013-03-14,Thu
2013-03-15,3314.0,113.0,2969.0,227.0,20.0,6643.0,2013-03-15,Fri
2013-03-16,4155.0,209.0,1882.0,262.0,81.0,6589.0,2013-03-16,Sat
2013-03-17,2116.0,99.0,898.0,214.0,20.0,3347.0,2013-03-17,Sun
2013-03-18,999.0,66.0,376.0,140.0,13.0,1594.0,2013-03-18,Mon
2013-03-19,1204.0,103.0,877.0,85.0,40.0,2309.0,2013-03-19,Tue
2013-03-20,1347.0,83.0,737.0,101.0,14.0,2282.0,2013-03-20,Wed
2013-03-21,1550.0,50.0,1123.0,68.0,7.0,2798.0,2013-03-21,Thu
2013-03-23,4354.0,221.0,2419.0,480.0,74.0,7548.0,2013-03-23,Sat
2013-03-24,1660.0,66.0,1169.0,96.0,-0.0,2991.0,2013-03-24,Sun
2013-03-25,838.0,52.0,365.0,68.0,20.0,1343.0,2013-03-25,Mon
2013-03-26,2355.0,76.0,1309.0,147.0,47.0,3934.0,2013-03-26,Tue
2013-03-27,1568.0,109.0,1000.0,54.0,40.0,2771.0,2013-03-27,Wed
2013-03-28,2384.0,115.0,1172.0,68.0,53.0,3792.0,2013-03-28,Thu
2013-03-29,3326.0,165.0,1384.0,193.0,105.0,5173.0,2013-03-29,Fri
2013-03-30,3845.0,226.0,1865.0,311.0,86.0,6333.0,2013-03-30,Sat
2013-03-31,1780.0,140.0,846.0,157.0,27.0,2950.0,2013-03-31,Sun
2013-04-02,1410.0,72.0,966.0,123.0,67.0,2638.0,2013-04-02,Tue
2013-04-03,1475.0,63.0,895.0,181.0,105.0,2719.0,2013-04-03,Wed
2013-04-04,2129.0,92.0,1641.0,96.0,54.0,4012.0,2013-04-04,Thu
2013-04-05,2897.0,135.0,1416.0,467.0,67.0,4982.0,2013-04-05,Fri
2013-04-06,4285.0,304.0,2643.0,538.0,154.0,7924.0,2013-04-06,Sat
2013-04-07,2150.0,132.0,773.0,124.0,54.0,3233.0,2013-04-07,Sun
2013-04-08,739.0,31.0,261.0,151.0,-0.0,1182.0,2013-04-08,Mon
2013-04-10,3766.0,217.0,2058.0,334.0,122.0,6497.0,2013-04-10,Wed
2013-04-11,1287.0,85.0,636.0,86.0,20.0,2114.0,2013-04-11,Thu
2013-04-12,3974.0,247.0,2462.0,321.0,94.0,7098.0,2013-04-12,Fri
2013-04-14,4062.0,311.0,1678.0,439.0,74.0,6564.0,2013-04-14,Sun
2013-04-15,3784.0,179.0,2440.0,348.0,41.0,6792.0,2013-04-15,Mon
2013-04-16,1654.0,85.0,531.0,103.0,60.0,2433.0,2013-04-16,Tue
2013-04-17,1868.0,95.0,916.0,162.0,120.0,3161.0,2013-04-17,Wed
2013-04-18,1488.0,92.0,761.0,66.0,74.0,2481.0,2013-04-18,Thu
2013-04-19,4036.0,207.0,2516.0,437.0,107.0,7303.0,2013-04-19,Fri
2013-04-20,3910.0,244.0,2209.0,615.0,141.0,7119.0,2013-04-20,Sat
2013-04-21,2395.0,135.0,1220.0,285.0,74.0,4109.0,2013-04-21,Sun
2013-04-22,969.0,50.0,472.0,67.0,20.0,1578.0,2013-04-22,Mon
2013-04-24,4742.0,309.0,3383.0,471.0,81.0,8986.0,2013-04-24,Wed
2013-04-25,2066.0,87.0,1246.0,236.0,33.0,3668.0,2013-04-25,Thu
2013-04-26,3361.0,188.0,1477.0,328.0,135.0,5489.0,2013-04-26,Fri
2013-04-27,3809.0,172.0,1646.0,243.0,100.0,5970.0,2013-04-27,Sat
2013-04-28,2579.0,172.0,1052.0,199.0,215.0,4217.0,2013-04-28,Sun
2013-04-29,1285.0,65.0,457.0,97.0,13.0,1917.0,2013-04-29,Mon
2013-04-30,1855.0,98.0,840.0,106.0,53.0,2952.0,2013-04-30,Tue
2013-05-01,1712.0,148.0,923.0,276.0,105.0,3164.0,2013-05-01,Wed
2013-05-02,2540.0,143.0,1319.0,164.0,208.0,4374.0,2013-05-02,Thu
2013-05-03,4821.0,261.0,2875.0,440.0,67.0,8464.0,2013-05-03,Fri
2013-05-04,5823.0,321.0,2563.0,680.0,188.0,9575.0,2013-05-04,Sat
2013-05-05,2577.0,151.0,1141.0,288.0,73.0,4230.0,2013-05-05,Sun
2013-05-06,1527.0,138.0,580.0,198.0,27.0,2470.0,2013-05-06,Mon
2013-05-07,1553.0,121.0,660.0,111.0,66.0,2511.0,2013-05-07,Tue
2013-05-08,2014.0,166.0,1453.0,30.0,7.0,3670.0,2013-05-08,Wed
2013-05-09,2375.0,122.0,992.0,182.0,94.0,3765.0,2013-05-09,Thu
2013-05-10,3770.0,233.0,1738.0,509.0,81.0,6331.0,2013-05-10,Fri
2013-05-11,5241.0,268.0,2749.0,828.0,134.0,9220.0,2013-05-11,Sat
2013-05-12,5720.0,426.0,2090.0,177.0,153.0,8566.0,2013-05-12,Sun
2013-05-13,1235.0,65.0,555.0,46.0,54.0,1955.0,2013-05-13,Mon
2013-05-14,1291.0,92.0,678.0,73.0,7.0,2141.0,2013-05-14,Tue
2013-05-15,2395.0,115.0,1372.0,296.0,33.0,4211.0,2013-05-15,Wed
2013-05-16,2863.0,81.0,1606.0,172.0,100.0,4822.0,2013-05-16,Thu
2013-05-17,3878.0,229.0,2371.0,327.0,120.0,6925.0,2013-05-17,Fri
2013-05-18,3565.0,199.0,1573.0,233.0,67.0,5637.0,2013-05-18,Sat
2013-05-19,3328.0,234.0,1338.0,187.0,169.0,5256.0,2013-05-19,Sun
2013-05-21,1710.0,89.0,572.0,219.0,-0.0,2590.0,2013-05-21,Tue
2013-05-22,1960.0,64.0,1128.0,107.0,46.0,3305.0,2013-05-22,Wed
2013-05-23,2760.0,116.0,2402.0,318.0,119.0,5715.0,2013-05-23,Thu
2013-05-24,3792.0,155.0,2390.0,222.0,186.0,6745.0,2013-05-24,Fri
2013-05-25,4752.0,218.0,2300.0,548.0,67.0,7885.0,2013-05-25,Sat
2013-05-26,2682.0,157.0,910.0,204.0,74.0,4027.0,2013-05-26,Sun
2013-05-27,1611.0,109.0,385.0,107.0,40.0,2252.0,2013-05-27,Mon
2013-05-28,1467.0,85.0,716.0,33.0,40.0,2341.0,2013-05-28,Tue
2013-05-29,2482.0,107.0,1217.0,405.0,67.0,4278.0,2013-05-29,Wed
2013-05-30,2769.0,178.0,1723.0,407.0,165.0,5242.0,2013-05-30,Thu
2013-05-31,4039.0,181.0,2208.0,424.0,175.0,7027.0,2013-05-31,Fri
2013-06-01,5124.0,264.0,2039.0,446.0,74.0,7947.0,2013-06-01,Sat
2013-06-02,2477.0,96.0,796.0,193.0,20.0,3582.0,2013-06-02,Sun
2013-06-03,3340.0,160.0,1635.0,479.0,152.0,5766.0,2013-06-03,Mon
2013-06-04,2520.0,130.0,1167.0,148.0,34.0,3999.0,2013-06-04,Tue
2013-06-05,1904.0,132.0,1182.0,42.0,80.0,3340.0,2013-06-05,Wed
2013-06-06,1978.0,109.0,1010.0,212.0,7.0,3316.0,2013-06-06,Thu
2013-06-07,4257.0,215.0,2077.0,394.0,100.0,7043.0,2013-06-07,Fri
2013-06-08,5082.0,266.0,2560.0,590.0,188.0,8686.0,2013-06-08,Sat
2013-06-09,3330.0,201.0,1481.0,255.0,34.0,5301.0,2013-06-09,Sun
2013-06-10,2062.0,215.0,552.0,150.0,73.0,3052.0,2013-06-10,Mon
2013-06-11,3097.0,183.0,1397.0,183.0,47.0,4907.0,2013-06-11,Tue
2013-06-12,2267.0,151.0,1228.0,39.0,34.0,3719.0,2013-06-12,Wed
2013-06-13,3717.0,201.0,2145.0,305.0,115.0,6483.0,2013-06-13,Thu
2013-06-14,5536.0,398.0,2593.0,1736.0,1191.0,11454.0,2013-06-14,Fri
2013-06-16,3976.0,157.0,1072.0,277.0,167.0,5649.0,2013-06-16,Sun
2013-06-17,1761.0,28.0,1062.0,154.0,66.0,3071.0,2013-06-17,Mon
2013-06-18,2772.0,127.0,1490.0,310.0,88.0,4787.0,2013-06-18,Tue
2013-06-19,2478.0,125.0,858.0,446.0,135.0,4042.0,2013-06-19,Wed
2013-06-20,3526.0,159.0,2022.0,352.0,81.0,6140.0,2013-06-20,Thu
2013-06-21,4902.0,252.0,1762.0,393.0,214.0,7523.0,2013-06-21,Fri
2013-06-22,4941.0,303.0,1903.0,627.0,180.0,7954.0,2013-06-22,Sat
2013-06-23,2524.0,132.0,838.0,195.0,146.0,3835.0,2013-06-23,Sun
2013-06-24,1963.0,98.0,821.0,145.0,87.0,3114.0,2013-06-24,Mon
2013-06-25,2159.0,97.0,1284.0,250.0,61.0,3851.0,2013-06-25,Tue
2013-06-26,3809.0,186.0,1460.0,247.0,246.0,5948.0,2013-06-26,Wed
2013-06-27,3381.0,165.0,1603.0,292.0,171.0,5612.0,2013-06-27,Thu
2013-06-28,3016.0,140.0,1850.0,496.0,7.0,5509.0,2013-06-28,Fri
2013-06-29,2888.0,149.0,1170.0,412.0,109.0,4728.0,2013-06-29,Sat
2013-06-30,2662.0,106.0,1149.0,285.0,128.0,4330.0,2013-06-30,Sun
2013-07-02,1757.0,73.0,981.0,115.0,15.0,2941.0,2013-07-02,Tue
2013-07-03,2092.0,67.0,1258.0,125.0,183.0,3725.0,2013-07-03,Wed
2013-07-04,2684.0,123.0,1609.0,213.0,197.0,4826.0,2013-07-04,Thu
2013-07-05,3853.0,167.0,2405.0,631.0,158.0,7214.0,2013-07-05,Fri
2013-07-06,4017.0,298.0,1905.0,457.0,120.0,6797.0,2013-07-06,Sat
2013-07-07,3104.0,186.0,1432.0,252.0,73.0,5047.0,2013-07-07,Sun
2013-07-08,655.0,22.0,219.0,65.0,44.0,1005.0,2013-07-08,Mon
2013-07-09,1754.0,86.0,930.0,201.0,43.0,3014.0,2013-07-09,Tue
2013-07-10,2655.0,127.0,1936.0,169.0,55.0,4942.0,2013-07-10,Wed
2013-07-11,1643.0,99.0,655.0,143.0,108.0,2648.0,2013-07-11,Thu
2013-07-12,3649.0,204.0,1888.0,582.0,118.0,6441.0,2013-07-12,Fri
2013-07-13,4147.0,248.0,1696.0,621.0,107.0,6819.0,2013-07-13,Sat
2013-07-14,2127.0,96.0,641.0,530.0,186.0,3580.0,2013-07-14,Sun
2013-07-15,2240.0,136.0,1099.0,388.0,186.0,4049.0,2013-07-15,Mon
2013-07-16,2865.0,147.0,1049.0,184.0,236.0,4481.0,2013-07-16,Tue
2013-07-17,1909.0,126.0,709.0,254.0,146.0,3144.0,2013-07-17,Wed
2013-07-18,3141.0,81.0,1743.0,411.0,244.0,5620.0,2013-07-18,Thu
2013-07-19,2636.0,93.0,1539.0,254.0,87.0,4609.0,2013-07-19,Fri
2013-07-20,4200.0,257.0,1589.0,531.0,116.0,6693.0,2013-07-20,Sat
2013-07-21,2819.0,172.0,1172.0,318.0,152.0,4633.0,2013-07-21,Sun
2013-07-22,2147.0,128.0,1068.0,271.0,42.0,3656.0,2013-07-22,Mon
2013-07-23,2474.0,179.0,1120.0,222.0,61.0,4056.0,2013-07-23,Tue
2013-07-24,2411.0,193.0,1057.0,190.0,94.0,3945.0,2013-07-24,Wed
2013-07-25,3481.0,201.0,1975.0,283.0,99.0,6039.0,2013-07-25,Thu
2013-07-26,4713.0,256.0,2193.0,642.0,243.0,8047.0,2013-07-26,Fri
2013-07-27,4723.0,277.0,1985.0,773.0,186.0,7944.0,2013-07-27,Sat
2013-07-28,2698.0,204.0,971.0,254.0,84.0,4211.0,2013-07-28,Sun
2013-07-29,2021.0,92.0,934.0,233.0,79.0,3359.0,2013-07-29,Mon
2013-07-30,3631.0,183.0,1623.0,610.0,236.0,6283.0,2013-07-30,Tue
2013-07-31,2485.0,105.0,1484.0,86.0,86.0,4246.0,2013-07-31,Wed
2013-08-01,2392.0,93.0,1132.0,215.0,42.0,3874.0,2013-08-01,Thu
2013-08-02,4198.0,233.0,1429.0,526.0,215.0,6601.0,2013-08-02,Fri
2013-08-03,4093.0,155.0,1795.0,232.0,180.0,6455.0,2013-08-03,Sat
2013-08-04,1734.0,56.0,653.0,66.0,132.0,2641.0,2013-08-04,Sun
2013-08-06,1503.0,113.0,687.0,101.0,118.0,2522.0,2013-08-06,Tue
2013-08-07,2734.0,151.0,998.0,230.0,244.0,4357.0,2013-08-07,Wed
2013-08-08,2752.0,136.0,1191.0,460.0,56.0,4595.0,2013-08-08,Thu
2013-08-09,4183.0,197.0,2554.0,504.0,153.0,7591.0,2013-08-09,Fri
2013-08-10,4023.0,263.0,2122.0,412.0,183.0,7003.0,2013-08-10,Sat
2013-08-11,2762.0,168.0,1162.0,303.0,63.0,4458.0,2013-08-11,Sun
2013-08-12,1184.0,77.0,486.0,80.0,20.0,1847.0,2013-08-12,Mon
2013-08-13,1962.0,96.0,832.0,151.0,73.0,3114.0,2013-08-13,Tue
2013-08-14,2949.0,128.0,1462.0,328.0,134.0,5001.0,2013-08-14,Wed
2013-08-15,3989.0,258.0,2181.0,328.0,80.0,6836.0,2013-08-15,Thu
2013-08-16,4313.0,241.0,2558.0,537.0,146.0,7795.0,2013-08-16,Fri
2013-08-17,3921.0,202.0,1988.0,319.0,177.0,6607.0,2013-08-17,Sat
2013-08-18,1691.0,75.0,680.0,218.0,36.0,2700.0,2013-08-18,Sun
2013-08-19,949.0,56.0,560.0,156.0,51.0,1772.0,2013-08-19,Mon
2013-08-20,2045.0,101.0,889.0,203.0,104.0,3342.0,2013-08-20,Tue
2013-08-21,3387.0,202.0,1454.0,481.0,177.0,5701.0,2013-08-21,Wed
2013-08-22,3092.0,149.0,1425.0,297.0,91.0,5054.0,2013-08-22,Thu
2013-08-23,3394.0,142.0,1859.0,314.0,95.0,5804.0,2013-08-23,Fri
2013-08-24,5101.0,267.0,2332.0,548.0,120.0,8368.0,2013-08-24,Sat
2013-08-25,3228.0,204.0,667.0,336.0,157.0,4592.0,2013-08-25,Sun
2013-08-26,2467.0,112.0,1585.0,46.0,115.0,4325.0,2013-08-26,Mon
2013-08-27,2724.0,117.0,943.0,226.0,99.0,4109.0,2013-08-27,Tue
2013-08-28,2903.0,159.0,1341.0,173.0,229.0,4805.0,2013-08-28,Wed
2013-08-29,3734.0,182.0,1715.0,382.0,274.0,6287.0,2013-08-29,Thu
2013-08-30,3009.0,205.0,1490.0,407.0,79.0,5190.0,2013-08-30,Fri
2013-08-31,3375.0,221.0,1137.0,342.0,41.0,5116.0,2013-08-31,Sat
2013-09-01,2089.0,106.0,819.0,200.0,29.0,3243.0,2013-09-01,Sun
2013-09-03,1439.0,51.0,979.0,170.0,36.0,2675.0,2013-09-03,Tue
2013-09-04,2453.0,85.0,1336.0,347.0,82.0,4303.0,2013-09-04,Wed
2013-09-05,2030.0,77.0,936.0,242.0,133.0,3418.0,2013-09-05,Thu
2013-09-06,4640.0,130.0,2623.0,683.0,83.0,8159.0,2013-09-06,Fri
2013-09-07,4516.0,227.0,2279.0,767.0,149.0,7938.0,2013-09-07,Sat
2013-09-08,4427.0,295.0,1591.0,721.0,119.0,7153.0,2013-09-08,Sun
2013-09-09,1327.0,83.0,408.0,108.0,-0.0,1926.0,2013-09-09,Mon
2013-09-10,2577.0,121.0,1154.0,213.0,211.0,4276.0,2013-09-10,Tue
2013-09-11,1953.0,98.0,865.0,113.0,119.0,3148.0,2013-09-11,Wed
2013-09-12,2788.0,127.0,1390.0,282.0,137.0,4724.0,2013-09-12,Thu
2013-09-13,3805.0,161.0,1926.0,457.0,108.0,6457.0,2013-09-13,Fri
2013-09-14,4252.0,221.0,2417.0,437.0,186.0,7513.0,2013-09-14,Sat
2013-09-15,2886.0,116.0,1187.0,215.0,97.0,4501.0,2013-09-15,Sun
2013-09-16,1735.0,73.0,553.0,174.0,79.0,2614.0,2013-09-16,Mon
2013-09-17,1844.0,138.0,926.0,160.0,92.0,3160.0,2013-09-17,Tue
2013-09-19,2995.0,145.0,1309.0,191.0,94.0,4734.0,2013-09-19,Thu
2013-09-20,3506.0,191.0,1939.0,317.0,178.0,6131.0,2013-09-20,Fri
2013-09-21,3428.0,266.0,2167.0,162.0,58.0,6081.0,2013-09-21,Sat
2013-09-22,1487.0,86.0,778.0,32.0,-0.0,2383.0,2013-09-22,Sun
2013-09-23,1605.0,102.0,807.0,201.0,49.0,2764.0,2013-09-23,Mon
2013-09-24,1868.0,47.0,656.0,128.0,114.0,2813.0,2013-09-24,Tue
2013-09-25,1776.0,112.0,749.0,187.0,71.0,2895.0,2013-09-25,Wed
2013-09-26,2715.0,120.0,1412.0,125.0,99.0,4471.0,2013-09-26,Thu
2013-09-27,4098.0,195.0,2215.0,369.0,113.0,6990.0,2013-09-27,Fri
2013-09-28,5081.0,254.0,2884.0,476.0,144.0,8839.0,2013-09-28,Sat
2013-09-29,2053.0,134.0,742.0,211.0,28.0,3168.0,2013-09-29,Sun
2013-09-30,1674.0,59.0,794.0,81.0,21.0,2629.0,2013-09-30,Mon
2013-10-01,1399.0,98.0,535.0,91.0,57.0,2180.0,2013-10-01,Tue
2013-10-02,2548.0,153.0,722.0,172.0,63.0,3658.0,2013-10-02,Wed
2013-10-03,1649.0,106.0,596.0,123.0,85.0,2559.0,2013-10-03,Thu
2013-10-04,4010.0,202.0,2435.0,219.0,78.0,6944.0,2013-10-04,Fri
2013-10-05,4232.0,243.0,2739.0,305.0,120.0,7639.0,2013-10-05,Sat
2013-10-06,1943.0,61.0,769.0,322.0,72.0,3167.0,2013-10-06,Sun
2013-10-07,1511.0,46.0,796.0,163.0,44.0,2560.0,2013-10-07,Mon
2013-10-08,1703.0,111.0,1062.0,45.0,42.0,2963.0,2013-10-08,Tue
2013-10-09,2039.0,76.0,1153.0,227.0,79.0,3574.0,2013-10-09,Wed
2013-10-10,2647.0,90.0,1596.0,124.0,124.0,4581.0,2013-10-10,Thu
2013-10-11,4000.0,213.0,2406.0,295.0,186.0,7100.0,2013-10-11,Fri
2013-10-12,3250.0,146.0,1138.0,296.0,92.0,4922.0,2013-10-12,Sat
2013-10-13,1918.0,62.0,658.0,184.0,7.0,2829.0,2013-10-13,Sun
2013-10-15,1657.0,74.0,935.0,96.0,42.0,2804.0,2013-10-15,Tue
2013-10-16,1670.0,101.0,914.0,119.0,55.0,2859.0,2013-10-16,Wed
2013-10-17,2426.0,108.0,1217.0,100.0,49.0,3900.0,2013-10-17,Thu
2013-10-18,4802.0,251.0,1935.0,424.0,200.0,7612.0,2013-10-18,Fri
2013-10-19,3950.0,218.0,1736.0,287.0,106.0,6297.0,2013-10-19,Sat
2013-10-20,2423.0,132.0,700.0,163.0,57.0,3475.0,2013-10-20,Sun
2013-10-21,1328.0,54.0,357.0,174.0,14.0,1927.0,2013-10-21,Mon
2013-10-22,1649.0,106.0,494.0,42.0,49.0,2340.0,2013-10-22,Tue
2013-10-24,3960.0,147.0,2216.0,226.0,147.0,6696.0,2013-10-24,Thu
2013-10-25,3949.0,161.0,2416.0,400.0,86.0,7012.0,2013-10-25,Fri
2013-10-26,-0.0,103.0,2020.0,151.0,718.0,2992.0,2013-10-26,Sat
2013-10-27,1174.0,108.0,405.0,69.0,29.0,1785.0,2013-10-27,Sun
2013-10-28,1562.0,48.0,850.0,26.0,40.0,2526.0,2013-10-28,Mon
2013-10-29,2239.0,134.0,1539.0,76.0,65.0,4053.0,2013-10-29,Tue
2013-10-30,2051.0,84.0,1310.0,74.0,82.0,3601.0,2013-10-30,Wed
2013-10-31,2020.0,78.0,1326.0,148.0,55.0,3627.0,2013-10-31,Thu
2013-11-01,4302.0,148.0,2086.0,218.0,43.0,6797.0,2013-11-01,Fri
2013-11-02,5042.0,299.0,2545.0,384.0,126.0,8396.0,2013-11-02,Sat
2013-11-03,2558.0,125.0,1419.0,94.0,45.0,4241.0,2013-11-03,Sun
2013-11-04,1485.0,70.0,710.0,152.0,-0.0,2417.0,2013-11-04,Mon
2013-11-05,2772.0,64.0,1103.0,235.0,233.0,4407.0,2013-11-05,Tue
2013-11-06,1686.0,100.0,634.0,140.0,29.0,2589.0,2013-11-06,Wed
2013-11-07,2839.0,90.0,1826.0,343.0,65.0,5163.0,2013-11-07,Thu
2013-11-08,3533.0,212.0,1581.0,261.0,42.0,5629.0,2013-11-08,Fri
2013-11-09,4055.0,217.0,1907.0,305.0,185.0,6669.0,2013-11-09,Sat
2013-11-10,2882.0,165.0,1689.0,89.0,7.0,4832.0,2013-11-10,Sun
2013-11-11,1252.0,44.0,819.0,63.0,7.0,2185.0,2013-11-11,Mon
2013-11-12,1225.0,36.0,633.0,71.0,7.0,1972.0,2013-11-12,Tue
2013-11-13,1391.0,85.0,918.0,66.0,22.0,2482.0,2013-11-13,Wed
2013-11-15,5333.0,205.0,3454.0,338.0,75.0,9405.0,2013-11-15,Fri
2013-11-17,5470.0,265.0,2330.0,291.0,109.0,8465.0,2013-11-17,Sun
2013-11-18,685.0,27.0,380.0,149.0,50.0,1291.0,2013-11-18,Mon
2013-11-19,1220.0,61.0,280.0,223.0,69.0,1853.0,2013-11-19,Tue
2013-11-20,1181.0,40.0,608.0,13.0,21.0,1863.0,2013-11-20,Wed
2013-11-21,2682.0,146.0,1322.0,284.0,33.0,4467.0,2013-11-21,Thu
2013-11-23,6419.0,320.0,3350.0,630.0,88.0,10807.0,2013-11-23,Sat
2013-11-24,1838.0,71.0,1351.0,33.0,22.0,3315.0,2013-11-24,Sun
2013-11-25,1246.0,44.0,755.0,72.0,13.0,2130.0,2013-11-25,Mon
2013-11-26,937.0,31.0,332.0,39.0,29.0,1368.0,2013-11-26,Tue
2013-11-27,1499.0,65.0,797.0,164.0,44.0,2569.0,2013-11-27,Wed
2013-11-28,2285.0,146.0,1215.0,85.0,28.0,3759.0,2013-11-28,Thu
2013-11-29,4939.0,258.0,2879.0,265.0,150.0,8491.0,2013-11-29,Fri
2013-11-30,4247.0,237.0,2138.0,462.0,47.0,7131.0,2013-11-30,Sat
2013-12-01,1430.0,80.0,693.0,23.0,43.0,2269.0,2013-12-01,Sun
2013-12-02,1236.0,68.0,472.0,77.0,-0.0,1853.0,2013-12-02,Mon
2013-12-03,1162.0,37.0,662.0,97.0,-0.0,1958.0,2013-12-03,Tue
2013-12-04,2479.0,107.0,1981.0,78.0,83.0,4728.0,2013-12-04,Wed
2013-12-05,1825.0,105.0,1025.0,129.0,22.0,3106.0,2013-12-05,Thu
2013-12-06,5841.0,178.0,2876.0,320.0,115.0,9330.0,2013-12-06,Fri
2013-12-07,3946.0,130.0,2304.0,282.0,114.0,6776.0,2013-12-07,Sat
2013-12-08,1102.0,38.0,454.0,81.0,-0.0,1675.0,2013-12-08,Sun
2013-12-09,1481.0,99.0,1307.0,92.0,79.0,3058.0,2013-12-09,Mon
2013-12-10,3001.0,150.0,1158.0,169.0,62.0,4540.0,2013-12-10,Tue
2013-12-11,2017.0,116.0,1514.0,93.0,28.0,3768.0,2013-12-11,Wed
2013-12-12,3569.0,143.0,3528.0,145.0,246.0,7631.0,2013-12-12,Thu
2013-12-13,3668.0,96.0,2394.0,399.0,101.0,6658.0,2013-12-13,Fri
2013-12-14,3245.0,120.0,1767.0,645.0,44.0,5821.0,2013-12-14,Sat
2013-12-15,1482.0,72.0,1050.0,38.0,65.0,2707.0,2013-12-15,Sun
2013-12-16,1454.0,106.0,892.0,54.0,15.0,2521.0,2013-12-16,Mon
2013-12-17,3011.0,134.0,2351.0,301.0,28.0,5825.0,2013-12-17,Tue
2013-12-18,1806.0,116.0,1063.0,78.0,29.0,3092.0,2013-12-18,Wed
2013-12-19,2357.0,148.0,1236.0,251.0,72.0,4064.0,2013-12-19,Thu
2013-12-20,2347.0,95.0,1188.0,164.0,57.0,3851.0,2013-12-20,Fri
2013-12-21,2376.0,115.0,940.0,184.0,64.0,3679.0,2013-12-21,Sat
2013-12-22,1657.0,56.0,1045.0,269.0,7.0,3034.0,2013-12-22,Sun
2013-12-23,2413.0,89.0,1346.0,382.0,14.0,4244.0,2013-12-23,Mon
2013-12-27,2507.0,128.0,1643.0,258.0,78.0,4614.0,2013-12-27,Fri
2013-12-28,3711.0,266.0,1977.0,272.0,44.0,6270.0,2013-12-28,Sat
2013-12-29,2055.0,100.0,679.0,166.0,72.0,3072.0,2013-12-29,Sun
2013-12-30,2388.0,130.0,1094.0,109.0,13.0,3734.0,2013-12-30,Mon
2013-12-31,4610.0,274.0,2274.0,363.0,36.0,7557.0,2013-12-31,Tue
2014-01-02,1627.0,54.0,716.0,109.0,87.0,2593.0,2014-01-02,Thu
2014-01-03,3631.0,112.0,1896.0,312.0,86.0,6037.0,2014-01-03,Fri
2014-01-04,2841.0,180.0,1081.0,190.0,28.0,4320.0,2014-01-04,Sat
2014-01-05,552.0,43.0,299.0,-0.0,36.0,930.0,2014-01-05,Sun
2014-01-07,717.0,34.0,271.0,56.0,12.0,1090.0,2014-01-07,Tue
2014-01-08,655.0,25.0,551.0,13.0,-0.0,1244.0,2014-01-08,Wed
2014-01-09,1743.0,54.0,767.0,66.0,78.0,2708.0,2014-01-09,Thu
2014-01-10,3180.0,162.0,1933.0,262.0,78.0,5615.0,2014-01-10,Fri
2014-01-11,3797.0,192.0,1676.0,189.0,140.0,5994.0,2014-01-11,Sat
2014-01-12,1138.0,50.0,524.0,65.0,22.0,1799.0,2014-01-12,Sun
2014-01-13,648.0,22.0,327.0,42.0,-0.0,1039.0,2014-01-13,Mon
2014-01-14,407.0,21.0,128.0,38.0,7.0,601.0,2014-01-14,Tue
2014-01-15,2083.0,54.0,1678.0,78.0,12.0,3905.0,2014-01-15,Wed
2014-01-16,2659.0,110.0,1635.0,132.0,44.0,4580.0,2014-01-16,Thu
2014-01-17,3758.0,178.0,2895.0,398.0,128.0,7357.0,2014-01-17,Fri
2014-01-18,3959.0,182.0,2183.0,321.0,70.0,6715.0,2014-01-18,Sat
2014-01-19,1571.0,82.0,662.0,50.0,51.0,2416.0,2014-01-19,Sun
2014-01-20,530.0,29.0,309.0,61.0,7.0,936.0,2014-01-20,Mon
2014-01-21,1460.0,63.0,809.0,97.0,7.0,2436.0,2014-01-21,Tue
2014-01-22,834.0,24.0,485.0,53.0,36.0,1432.0,2014-01-22,Wed
2014-01-23,1675.0,109.0,1134.0,88.0,7.0,3013.0,2014-01-23,Thu
2014-01-24,4598.0,167.0,1850.0,699.0,63.0,7377.0,2014-01-24,Fri
2014-01-25,3261.0,217.0,1666.0,247.0,41.0,5432.0,2014-01-25,Sat
2014-01-26,434.0,19.0,275.0,-0.0,15.0,743.0,2014-01-26,Sun
2014-01-28,1561.0,70.0,593.0,41.0,51.0,2316.0,2014-01-28,Tue
2014-01-29,853.0,19.0,365.0,84.0,65.0,1386.0,2014-01-29,Wed
2014-01-30,1084.0,18.0,632.0,78.0,13.0,1825.0,2014-01-30,Thu
2014-01-31,3857.0,99.0,1458.0,151.0,170.0,5735.0,2014-01-31,Fri
2014-02-01,3539.0,170.0,1606.0,138.0,93.0,5546.0,2014-02-01,Sat
2014-02-02,1490.0,76.0,776.0,48.0,43.0,2433.0,2014-02-02,Sun
2014-02-03,960.0,45.0,664.0,34.0,7.0,1710.0,2014-02-03,Mon
2014-02-04,830.0,21.0,451.0,61.0,14.0,1377.0,2014-02-04,Tue
2014-02-05,911.0,36.0,340.0,85.0,15.0,1387.0,2014-02-05,Wed
2014-02-07,4062.0,181.0,2378.0,211.0,181.0,7013.0,2014-02-07,Fri
2014-02-08,4491.0,249.0,1492.0,460.0,99.0,6791.0,2014-02-08,Sat
2014-02-09,1782.0,125.0,768.0,39.0,80.0,2794.0,2014-02-09,Sun
2014-02-10,755.0,31.0,375.0,41.0,36.0,1238.0,2014-02-10,Mon
2014-02-11,1113.0,51.0,997.0,51.0,15.0,2227.0,2014-02-11,Tue
2014-02-12,1618.0,83.0,1108.0,135.0,15.0,2959.0,2014-02-12,Wed
2014-02-13,2307.0,107.0,1258.0,155.0,22.0,3849.0,2014-02-13,Thu
2014-02-14,7861.0,259.0,2015.0,497.0,57.0,10689.0,2014-02-14,Fri
2014-02-15,4179.0,177.0,1744.0,408.0,134.0,6642.0,2014-02-15,Sat
2014-02-16,2145.0,126.0,846.0,81.0,79.0,3277.0,2014-02-16,Sun
2014-02-17,1979.0,81.0,983.0,116.0,123.0,3282.0,2014-02-17,Mon
2014-02-18,1023.0,10.0,491.0,38.0,95.0,1657.0,2014-02-18,Tue
2014-02-19,756.0,21.0,474.0,-0.0,22.0,1273.0,2014-02-19,Wed
2014-02-20,1450.0,67.0,1087.0,152.0,43.0,2799.0,2014-02-20,Thu
2014-02-21,2870.0,136.0,1670.0,130.0,51.0,4857.0,2014-02-21,Fri
2014-02-22,3631.0,105.0,2001.0,309.0,70.0,6116.0,2014-02-22,Sat
2014-02-23,1674.0,94.0,408.0,92.0,28.0,2296.0,2014-02-23,Sun
2014-02-24,511.0,35.0,116.0,-0.0,-0.0,662.0,2014-02-24,Mon
2014-02-25,498.0,16.0,173.0,34.0,7.0,728.0,2014-02-25,Tue
2014-02-26,1402.0,82.0,626.0,63.0,29.0,2202.0,2014-02-26,Wed
2014-02-27,1224.0,21.0,753.0,43.0,7.0,2048.0,2014-02-27,Thu
2014-02-28,3281.0,158.0,1587.0,258.0,28.0,5312.0,2014-02-28,Fri
2014-03-01,4008.0,210.0,1337.0,243.0,271.0,6069.0,2014-03-01,Sat
2014-03-02,1067.0,50.0,300.0,41.0,15.0,1473.0,2014-03-02,Sun
2014-03-03,957.0,30.0,636.0,174.0,15.0,1812.0,2014-03-03,Mon
2014-03-04,1039.0,61.0,618.0,70.0,15.0,1803.0,2014-03-04,Tue
2014-03-05,1009.0,35.0,500.0,65.0,7.0,1616.0,2014-03-05,Wed
2014-03-06,1228.0,61.0,574.0,31.0,35.0,1929.0,2014-03-06,Thu
2014-03-07,4550.0,319.0,2450.0,506.0,36.0,7861.0,2014-03-07,Fri
2014-03-08,2751.0,130.0,1107.0,371.0,28.0,4387.0,2014-03-08,Sat
2014-03-09,1825.0,53.0,739.0,74.0,29.0,2720.0,2014-03-09,Sun
2014-03-10,1712.0,98.0,713.0,445.0,62.0,3030.0,2014-03-10,Mon
2014-03-11,773.0,29.0,374.0,30.0,29.0,1235.0,2014-03-11,Tue
2014-03-12,960.0,33.0,400.0,49.0,-0.0,1442.0,2014-03-12,Wed
2014-03-13,1947.0,111.0,1784.0,113.0,115.0,4070.0,2014-03-13,Thu
2014-03-14,3038.0,183.0,1681.0,125.0,21.0,5048.0,2014-03-14,Fri
2014-03-15,3929.0,203.0,1954.0,455.0,97.0,6638.0,2014-03-15,Sat
2014-03-16,995.0,47.0,409.0,39.0,15.0,1505.0,2014-03-16,Sun
2014-03-17,787.0,34.0,164.0,50.0,51.0,1086.0,2014-03-17,Mon
2014-03-18,1794.0,67.0,794.0,156.0,22.0,2833.0,2014-03-18,Tue
2014-03-19,1198.0,53.0,692.0,49.0,44.0,2036.0,2014-03-19,Wed
2014-03-20,1197.0,57.0,905.0,311.0,21.0,2491.0,2014-03-20,Thu
2014-03-21,2827.0,157.0,1360.0,106.0,57.0,4507.0,2014-03-21,Fri
2014-03-22,3271.0,179.0,1456.0,302.0,44.0,5252.0,2014-03-22,Sat
2014-03-23,1055.0,78.0,124.0,52.0,42.0,1351.0,2014-03-23,Sun
2014-03-24,1274.0,116.0,613.0,139.0,21.0,2163.0,2014-03-24,Mon
2014-03-25,1276.0,79.0,522.0,84.0,29.0,1990.0,2014-03-25,Tue
2014-03-26,1965.0,136.0,1284.0,234.0,7.0,3626.0,2014-03-26,Wed
2014-03-27,2114.0,105.0,916.0,184.0,29.0,3348.0,2014-03-27,Thu
2014-03-28,3021.0,90.0,1837.0,512.0,64.0,5524.0,2014-03-28,Fri
2014-03-29,4331.0,237.0,2294.0,385.0,112.0,7359.0,2014-03-29,Sat
2014-03-30,1437.0,100.0,468.0,69.0,-0.0,2074.0,2014-03-30,Sun
2014-03-31,1189.0,61.0,592.0,65.0,36.0,1943.0,2014-03-31,Mon
2014-04-02,2168.0,120.0,1220.0,182.0,82.0,3772.0,2014-04-02,Wed
2014-04-03,1992.0,79.0,932.0,52.0,21.0,3076.0,2014-04-03,Thu
2014-04-04,5092.0,188.0,1974.0,328.0,95.0,7677.0,2014-04-04,Fri
2014-04-05,3234.0,164.0,1523.0,130.0,101.0,5152.0,2014-04-05,Sat
2014-04-06,1997.0,89.0,682.0,98.0,80.0,2946.0,2014-04-06,Sun
2014-04-07,1064.0,43.0,544.0,65.0,34.0,1750.0,2014-04-07,Mon
2014-04-08,1253.0,52.0,1056.0,113.0,33.0,2507.0,2014-04-08,Tue
2014-04-09,674.0,44.0,470.0,57.0,-0.0,1245.0,2014-04-09,Wed
2014-04-10,1727.0,104.0,480.0,111.0,56.0,2478.0,2014-04-10,Thu
2014-04-11,3892.0,171.0,1782.0,392.0,107.0,6344.0,2014-04-11,Fri
2014-04-12,4614.0,170.0,2034.0,426.0,49.0,7293.0,2014-04-12,Sat
2014-04-13,2687.0,128.0,1246.0,238.0,100.0,4399.0,2014-04-13,Sun
2014-04-14,813.0,42.0,582.0,60.0,7.0,1504.0,2014-04-14,Mon
2014-04-15,1311.0,69.0,808.0,117.0,59.0,2364.0,2014-04-15,Tue
2014-04-16,1545.0,45.0,738.0,72.0,51.0,2451.0,2014-04-16,Wed
2014-04-17,3473.0,169.0,1472.0,337.0,133.0,5584.0,2014-04-17,Thu
2014-04-18,2294.0,121.0,804.0,232.0,36.0,3487.0,2014-04-18,Fri
2014-04-19,3039.0,211.0,1283.0,231.0,84.0,4848.0,2014-04-19,Sat
2014-04-20,1184.0,79.0,643.0,81.0,22.0,2009.0,2014-04-20,Sun
2014-04-22,1166.0,42.0,416.0,39.0,65.0,1728.0,2014-04-22,Tue
2014-04-23,3357.0,116.0,1600.0,115.0,56.0,5244.0,2014-04-23,Wed
2014-04-24,2098.0,84.0,1124.0,163.0,7.0,3476.0,2014-04-24,Thu
2014-04-25,3985.0,188.0,2015.0,187.0,86.0,6461.0,2014-04-25,Fri
2014-04-26,4728.0,242.0,1790.0,445.0,133.0,7338.0,2014-04-26,Sat
2014-04-27,1367.0,67.0,437.0,93.0,33.0,1997.0,2014-04-27,Sun
2014-04-28,1857.0,101.0,1069.0,84.0,58.0,3169.0,2014-04-28,Mon
2014-04-29,1081.0,65.0,628.0,58.0,64.0,1896.0,2014-04-29,Tue
2014-04-30,1029.0,55.0,507.0,26.0,41.0,1658.0,2014-04-30,Wed
2014-05-01,2091.0,161.0,971.0,120.0,106.0,3449.0,2014-05-01,Thu
2014-05-02,2612.0,136.0,1394.0,46.0,115.0,4303.0,2014-05-02,Fri
2014-05-03,4596.0,269.0,1906.0,262.0,158.0,7191.0,2014-05-03,Sat
2014-05-04,1923.0,100.0,735.0,133.0,36.0,2927.0,2014-05-04,Sun
2014-05-05,1508.0,94.0,536.0,94.0,27.0,2259.0,2014-05-05,Mon
2014-05-06,795.0,45.0,369.0,26.0,42.0,1277.0,2014-05-06,Tue
2014-05-07,1832.0,107.0,748.0,63.0,25.0,2775.0,2014-05-07,Wed
2014-05-08,2387.0,99.0,1291.0,127.0,87.0,3991.0,2014-05-08,Thu
2014-05-09,4859.0,186.0,2364.0,873.0,154.0,8436.0,2014-05-09,Fri
2014-05-10,4513.0,365.0,1723.0,321.0,80.0,7002.0,2014-05-10,Sat
2014-05-11,6646.0,460.0,1668.0,655.0,170.0,9599.0,2014-05-11,Sun
2014-05-12,1923.0,81.0,1072.0,181.0,78.0,3335.0,2014-05-12,Mon
2014-05-13,2341.0,77.0,1611.0,263.0,80.0,4372.0,2014-05-13,Tue
2014-05-14,1464.0,79.0,712.0,158.0,21.0,2434.0,2014-05-14,Wed
2014-05-15,2812.0,150.0,1127.0,242.0,15.0,4346.0,2014-05-15,Thu
2014-05-16,3350.0,135.0,1675.0,234.0,142.0,5536.0,2014-05-16,Fri
2014-05-18,7333.0,409.0,2858.0,666.0,125.0,11391.0,2014-05-18,Sun
2014-05-20,1381.0,58.0,948.0,26.0,42.0,2455.0,2014-05-20,Tue
2014-05-21,1490.0,68.0,670.0,100.0,29.0,2357.0,2014-05-21,Wed
2014-05-22,3189.0,138.0,1995.0,182.0,177.0,5681.0,2014-05-22,Thu
2014-05-23,5437.0,188.0,2656.0,466.0,92.0,8839.0,2014-05-23,Fri
2014-05-24,5519.0,223.0,2343.0,679.0,156.0,8920.0,2014-05-24,Sat
2014-05-25,1555.0,112.0,779.0,65.0,7.0,2518.0,2014-05-25,Sun
2014-05-26,1773.0,39.0,988.0,164.0,96.0,3060.0,2014-05-26,Mon
2014-05-27,1198.0,66.0,594.0,199.0,92.0,2149.0,2014-05-27,Tue
2014-05-28,2531.0,132.0,1512.0,195.0,90.0,4460.0,2014-05-28,Wed
2014-05-29,3355.0,125.0,1858.0,191.0,85.0,5614.0,2014-05-29,Thu
2014-05-30,3956.0,149.0,2170.0,334.0,142.0,6751.0,2014-05-30,Fri
2014-05-31,4655.0,223.0,2286.0,521.0,63.0,7748.0,2014-05-31,Sat
2014-06-01,2389.0,119.0,926.0,316.0,36.0,3786.0,2014-06-01,Sun
2014-06-02,2287.0,70.0,1054.0,207.0,65.0,3683.0,2014-06-02,Mon
2014-06-03,2010.0,114.0,1100.0,202.0,63.0,3489.0,2014-06-03,Tue
2014-06-04,2860.0,141.0,1502.0,222.0,35.0,4760.0,2014-06-04,Wed
2014-06-05,2676.0,133.0,1337.0,146.0,124.0,4416.0,2014-06-05,Thu
2014-06-06,4622.0,163.0,2247.0,520.0,156.0,7708.0,2014-06-06,Fri
2014-06-07,5143.0,330.0,2082.0,435.0,161.0,8151.0,2014-06-07,Sat
2014-06-08,1884.0,86.0,599.0,33.0,33.0,2635.0,2014-06-08,Sun
2014-06-09,3359.0,208.0,1648.0,416.0,80.0,5711.0,2014-06-09,Mon
2014-06-10,2467.0,121.0,1447.0,83.0,169.0,4287.0,2014-06-10,Tue
2014-06-11,2072.0,74.0,1497.0,94.0,92.0,3829.0,2014-06-11,Wed
2014-06-12,3107.0,154.0,1899.0,343.0,256.0,5759.0,2014-06-12,Thu
2014-06-13,4159.0,219.0,1913.0,423.0,130.0,6844.0,2014-06-13,Fri
2014-06-14,4804.0,297.0,2308.0,451.0,63.0,7923.0,2014-06-14,Sat
2014-06-15,3465.0,200.0,1119.0,348.0,71.0,5203.0,2014-06-15,Sun
2014-06-16,1771.0,140.0,812.0,127.0,107.0,2957.0,2014-06-16,Mon
2014-06-17,1361.0,101.0,658.0,259.0,58.0,2437.0,2014-06-17,Tue
2014-06-18,2203.0,89.0,2385.0,90.0,91.0,4858.0,2014-06-18,Wed
2014-06-19,2519.0,251.0,1211.0,286.0,80.0,4347.0,2014-06-19,Thu
2014-06-20,4868.0,294.0,1279.0,485.0,78.0,7004.0,2014-06-20,Fri
2014-06-21,4598.0,295.0,1794.0,379.0,76.0,7142.0,2014-06-21,Sat
2014-06-22,2619.0,151.0,761.0,203.0,69.0,3803.0,2014-06-22,Sun
2014-06-23,1307.0,57.0,574.0,63.0,73.0,2074.0,2014-06-23,Mon
2014-06-24,2169.0,107.0,932.0,145.0,145.0,3498.0,2014-06-24,Tue
2014-06-25,1851.0,64.0,1506.0,33.0,86.0,3540.0,2014-06-25,Wed
2014-06-26,2812.0,186.0,1039.0,411.0,151.0,4599.0,2014-06-26,Thu
2014-06-27,4186.0,194.0,2136.0,578.0,190.0,7284.0,2014-06-27,Fri
2014-06-28,2244.0,128.0,431.0,362.0,75.0,3240.0,2014-06-28,Sat
2014-06-29,2018.0,107.0,708.0,192.0,99.0,3124.0,2014-06-29,Sun
2014-06-30,2609.0,59.0,683.0,266.0,184.0,3801.0,2014-06-30,Mon
2014-07-02,3251.0,182.0,1350.0,199.0,159.0,5141.0,2014-07-02,Wed
2014-07-03,3203.0,128.0,1911.0,306.0,141.0,5689.0,2014-07-03,Thu
2014-07-04,3306.0,173.0,1545.0,285.0,132.0,5441.0,2014-07-04,Fri
2014-07-05,3631.0,131.0,1249.0,608.0,112.0,5731.0,2014-07-05,Sat
2014-07-06,2013.0,126.0,914.0,232.0,57.0,3342.0,2014-07-06,Sun
2014-07-07,2121.0,95.0,1050.0,228.0,86.0,3580.0,2014-07-07,Mon
2014-07-08,2745.0,95.0,1383.0,151.0,117.0,4491.0,2014-07-08,Tue
2014-07-09,2565.0,129.0,1200.0,307.0,195.0,4396.0,2014-07-09,Wed
2014-07-10,2864.0,90.0,1670.0,134.0,115.0,4873.0,2014-07-10,Thu
2014-07-11,3604.0,194.0,2169.0,349.0,372.0,6688.0,2014-07-11,Fri
2014-07-12,3012.0,147.0,1399.0,193.0,56.0,4807.0,2014-07-12,Sat
2014-07-13,2542.0,147.0,1054.0,236.0,79.0,4058.0,2014-07-13,Sun
2014-07-14,1979.0,114.0,741.0,156.0,71.0,3061.0,2014-07-14,Mon
2014-07-15,2324.0,78.0,1503.0,207.0,80.0,4192.0,2014-07-15,Tue
2014-07-16,3824.0,186.0,2016.0,386.0,259.0,6671.0,2014-07-16,Wed
2014-07-17,2141.0,54.0,1141.0,212.0,93.0,3641.0,2014-07-17,Thu
2014-07-18,4017.0,191.0,1486.0,368.0,167.0,6229.0,2014-07-18,Fri
2014-07-19,3049.0,170.0,833.0,226.0,169.0,4447.0,2014-07-19,Sat
2014-07-20,1491.0,24.0,731.0,169.0,47.0,2462.0,2014-07-20,Sun
2014-07-21,1327.0,48.0,788.0,65.0,36.0,2264.0,2014-07-21,Mon
2014-07-22,2566.0,93.0,838.0,195.0,165.0,3857.0,2014-07-22,Tue
2014-07-23,2715.0,159.0,1166.0,169.0,91.0,4300.0,2014-07-23,Wed
2014-07-24,2954.0,136.0,1610.0,269.0,60.0,5029.0,2014-07-24,Thu
2014-07-25,3812.0,195.0,1422.0,391.0,136.0,5956.0,2014-07-25,Fri
2014-07-26,3532.0,165.0,1289.0,347.0,54.0,5387.0,2014-07-26,Sat
2014-07-27,2567.0,145.0,1137.0,196.0,83.0,4128.0,2014-07-27,Sun
2014-07-28,1411.0,54.0,566.0,105.0,-0.0,2136.0,2014-07-28,Mon
2014-07-29,1925.0,118.0,681.0,156.0,28.0,2908.0,2014-07-29,Tue
2014-07-30,2257.0,103.0,1141.0,247.0,131.0,3879.0,2014-07-30,Wed
2014-07-31,2920.0,146.0,1459.0,323.0,152.0,5000.0,2014-07-31,Thu
2014-08-01,3684.0,174.0,1290.0,325.0,77.0,5550.0,2014-08-01,Fri
2014-08-02,2907.0,154.0,1331.0,299.0,114.0,4805.0,2014-08-02,Sat
2014-08-03,2424.0,122.0,1079.0,215.0,105.0,3945.0,2014-08-03,Sun
2014-08-05,1788.0,93.0,967.0,126.0,80.0,3054.0,2014-08-05,Tue
2014-08-06,4587.0,188.0,1925.0,374.0,144.0,7218.0,2014-08-06,Wed
2014-08-08,3614.0,153.0,1827.0,527.0,70.0,6191.0,2014-08-08,Fri
2014-08-09,3977.0,152.0,1679.0,413.0,87.0,6308.0,2014-08-09,Sat
2014-08-10,2043.0,102.0,905.0,134.0,93.0,3277.0,2014-08-10,Sun
2014-08-11,2753.0,121.0,1395.0,224.0,34.0,4527.0,2014-08-11,Mon
2014-08-12,3069.0,155.0,1690.0,135.0,70.0,5119.0,2014-08-12,Tue
2014-08-13,2139.0,117.0,1070.0,110.0,43.0,3479.0,2014-08-13,Wed
2014-08-14,2059.0,93.0,721.0,351.0,150.0,3374.0,2014-08-14,Thu
2014-08-15,2908.0,104.0,1256.0,193.0,142.0,4603.0,2014-08-15,Fri
2014-08-16,3541.0,243.0,983.0,740.0,75.0,5582.0,2014-08-16,Sat
2014-08-17,2020.0,112.0,615.0,91.0,55.0,2893.0,2014-08-17,Sun
2014-08-18,1829.0,103.0,700.0,398.0,46.0,3076.0,2014-08-18,Mon
2014-08-19,3822.0,80.0,2766.0,224.0,109.0,7001.0,2014-08-19,Tue
2014-08-20,2126.0,98.0,927.0,116.0,85.0,3352.0,2014-08-20,Wed
2014-08-21,2109.0,75.0,913.0,206.0,101.0,3404.0,2014-08-21,Thu
2014-08-22,3028.0,198.0,1860.0,320.0,134.0,5540.0,2014-08-22,Fri
2014-08-23,3583.0,184.0,1642.0,348.0,159.0,5916.0,2014-08-23,Sat
2014-08-24,4938.0,208.0,1804.0,1128.0,62.0,8140.0,2014-08-24,Sun
2014-08-25,2280.0,126.0,1005.0,100.0,107.0,3618.0,2014-08-25,Mon
2014-08-26,2461.0,83.0,1076.0,233.0,65.0,3918.0,2014-08-26,Tue
2014-08-27,2869.0,188.0,1273.0,103.0,128.0,4561.0,2014-08-27,Wed
2014-08-28,3125.0,127.0,1587.0,131.0,101.0,5071.0,2014-08-28,Thu
2014-08-29,3310.0,137.0,1462.0,127.0,186.0,5222.0,2014-08-29,Fri
2014-08-30,6869.0,45.0,2346.0,453.0,289.0,10002.0,2014-08-30,Sat
2014-08-31,2729.0,81.0,1066.0,292.0,87.0,4255.0,2014-08-31,Sun
2014-09-01,2643.0,132.0,678.0,171.0,78.0,3702.0,2014-09-01,Mon
2014-09-02,1497.0,47.0,888.0,95.0,65.0,2592.0,2014-09-02,Tue
2014-09-03,2154.0,77.0,1428.0,136.0,84.0,3879.0,2014-09-03,Wed
2014-09-04,2258.0,94.0,1300.0,149.0,36.0,3837.0,2014-09-04,Thu
2014-09-05,4237.0,193.0,2160.0,405.0,147.0,7142.0,2014-09-05,Fri
2014-09-06,5195.0,259.0,2821.0,605.0,258.0,9138.0,2014-09-06,Sat
2014-09-07,3256.0,139.0,916.0,546.0,126.0,4983.0,2014-09-07,Sun
2014-09-08,1548.0,45.0,587.0,68.0,41.0,2289.0,2014-09-08,Mon
2014-09-09,1724.0,64.0,955.0,168.0,51.0,2962.0,2014-09-09,Tue
2014-09-10,1596.0,101.0,912.0,61.0,29.0,2699.0,2014-09-10,Wed
2014-09-11,1986.0,101.0,1235.0,248.0,22.0,3592.0,2014-09-11,Thu
2014-09-12,3181.0,147.0,1650.0,93.0,92.0,5163.0,2014-09-12,Fri
2014-09-13,7545.0,120.0,4217.0,552.0,301.0,12735.0,2014-09-13,Sat
2014-09-14,2196.0,157.0,755.0,138.0,35.0,3281.0,2014-09-14,Sun
2014-09-16,2017.0,58.0,1170.0,132.0,102.0,3479.0,2014-09-16,Tue
2014-09-17,2339.0,95.0,963.0,103.0,108.0,3608.0,2014-09-17,Wed
2014-09-18,1914.0,65.0,1054.0,72.0,36.0,3141.0,2014-09-18,Thu
2014-09-19,3084.0,140.0,1639.0,281.0,105.0,5249.0,2014-09-19,Fri
2014-09-20,5153.0,203.0,2236.0,317.0,122.0,8031.0,2014-09-20,Sat
2014-09-21,1901.0,81.0,671.0,121.0,51.0,2825.0,2014-09-21,Sun
2014-09-22,1200.0,76.0,494.0,56.0,65.0,1891.0,2014-09-22,Mon
2014-09-23,2288.0,121.0,1065.0,131.0,58.0,3663.0,2014-09-23,Tue
2014-09-24,1798.0,64.0,694.0,55.0,29.0,2640.0,2014-09-24,Wed
2014-09-25,1613.0,87.0,972.0,23.0,148.0,2843.0,2014-09-25,Thu
2014-09-26,3544.0,121.0,1590.0,100.0,100.0,5455.0,2014-09-26,Fri
2014-09-27,4462.0,196.0,1929.0,551.0,90.0,7228.0,2014-09-27,Sat
2014-09-28,1856.0,67.0,635.0,154.0,101.0,2813.0,2014-09-28,Sun
2014-09-29,1451.0,28.0,796.0,23.0,74.0,2372.0,2014-09-29,Mon
2014-09-30,1373.0,71.0,743.0,46.0,65.0,2298.0,2014-09-30,Tue
2014-10-01,1801.0,92.0,1330.0,101.0,65.0,3389.0,2014-10-01,Wed
2014-10-02,2027.0,120.0,884.0,50.0,96.0,3177.0,2014-10-02,Thu
2014-10-03,2701.0,155.0,1689.0,146.0,65.0,4756.0,2014-10-03,Fri
2014-10-04,2519.0,131.0,1195.0,128.0,95.0,4068.0,2014-10-04,Sat
2014-10-05,1645.0,77.0,816.0,79.0,58.0,2675.0,2014-10-05,Sun
2014-10-06,1302.0,71.0,676.0,110.0,36.0,2195.0,2014-10-06,Mon
2014-10-07,1370.0,98.0,645.0,156.0,58.0,2327.0,2014-10-07,Tue
2014-10-08,1158.0,36.0,1234.0,27.0,15.0,2470.0,2014-10-08,Wed
2014-10-09,1316.0,41.0,805.0,113.0,22.0,2297.0,2014-10-09,Thu
2014-10-10,3049.0,116.0,1125.0,142.0,57.0,4489.0,2014-10-10,Fri
2014-10-11,1986.0,50.0,648.0,109.0,29.0,2822.0,2014-10-11,Sat
2014-10-12,861.0,24.0,425.0,32.0,32.0,1374.0,2014-10-12,Sun
2014-10-14,1110.0,23.0,462.0,129.0,5.0,1729.0,2014-10-14,Tue
2014-10-15,1706.0,86.0,1330.0,117.0,85.0,3324.0,2014-10-15,Wed
2014-10-16,1814.0,75.0,467.0,129.0,63.0,2548.0,2014-10-16,Thu
2014-10-17,3703.0,149.0,1566.0,512.0,141.0,6071.0,2014-10-17,Fri
2014-10-18,3343.0,129.0,1298.0,343.0,120.0,5233.0,2014-10-18,Sat
2014-10-19,1230.0,47.0,543.0,63.0,44.0,1927.0,2014-10-19,Sun
2014-10-20,1005.0,69.0,341.0,92.0,20.0,1527.0,2014-10-20,Mon
2014-10-21,1346.0,57.0,642.0,121.0,20.0,2186.0,2014-10-21,Tue
2014-10-22,1792.0,120.0,1806.0,10.0,39.0,3767.0,2014-10-22,Wed
2014-10-23,1418.0,48.0,634.0,87.0,91.0,2278.0,2014-10-23,Thu
2014-10-24,2977.0,154.0,1546.0,213.0,92.0,4982.0,2014-10-24,Fri
2014-10-25,3512.0,249.0,1942.0,389.0,85.0,6177.0,2014-10-25,Sat
2014-10-27,890.0,23.0,465.0,37.0,51.0,1466.0,2014-10-27,Mon
2014-10-28,1264.0,45.0,873.0,122.0,-0.0,2304.0,2014-10-28,Tue
2014-10-29,2412.0,124.0,2643.0,65.0,52.0,5296.0,2014-10-29,Wed
2014-10-30,1996.0,125.0,995.0,90.0,49.0,3255.0,2014-10-30,Thu
2014-10-31,2103.0,104.0,825.0,131.0,28.0,3191.0,2014-10-31,Fri
2014-11-01,3264.0,185.0,1318.0,294.0,102.0,5163.0,2014-11-01,Sat
2014-11-02,1660.0,109.0,973.0,111.0,29.0,2882.0,2014-11-02,Sun
2014-11-03,1320.0,53.0,622.0,97.0,44.0,2136.0,2014-11-03,Mon
2014-11-04,1044.0,85.0,491.0,11.0,29.0,1660.0,2014-11-04,Tue
2014-11-05,1787.0,89.0,1037.0,44.0,22.0,2979.0,2014-11-05,Wed
2014-11-06,3081.0,135.0,1250.0,46.0,22.0,4534.0,2014-11-06,Thu
2014-11-07,3189.0,126.0,1496.0,210.0,65.0,5086.0,2014-11-07,Fri
2014-11-08,2803.0,173.0,1118.0,108.0,73.0,4275.0,2014-11-08,Sat
2014-11-09,989.0,56.0,275.0,66.0,78.0,1464.0,2014-11-09,Sun
2014-11-10,1007.0,38.0,451.0,25.0,28.0,1549.0,2014-11-10,Mon
2014-11-11,1477.0,57.0,484.0,120.0,50.0,2188.0,2014-11-11,Tue
2014-11-12,1993.0,168.0,1152.0,92.0,21.0,3426.0,2014-11-12,Wed
2014-11-13,1264.0,75.0,828.0,85.0,43.0,2295.0,2014-11-13,Thu
2014-11-14,2750.0,128.0,1526.0,299.0,56.0,4759.0,2014-11-14,Fri
2014-11-15,2811.0,136.0,1217.0,127.0,34.0,4325.0,2014-11-15,Sat
2014-11-16,1261.0,26.0,321.0,13.0,29.0,1650.0,2014-11-16,Sun
2014-11-17,773.0,25.0,443.0,26.0,29.0,1296.0,2014-11-17,Mon
2014-11-18,2107.0,102.0,917.0,26.0,79.0,3231.0,2014-11-18,Tue
2014-11-19,1221.0,59.0,782.0,39.0,22.0,2123.0,2014-11-19,Wed
2014-11-20,1415.0,103.0,666.0,64.0,15.0,2263.0,2014-11-20,Thu
2014-11-21,2268.0,103.0,1369.0,192.0,36.0,3968.0,2014-11-21,Fri
2014-11-22,3281.0,160.0,1383.0,150.0,94.0,5068.0,2014-11-22,Sat
2014-11-23,1012.0,29.0,293.0,13.0,64.0,1411.0,2014-11-23,Sun
2014-11-24,642.0,37.0,282.0,20.0,-0.0,981.0,2014-11-24,Mon
2014-11-25,1851.0,101.0,846.0,80.0,78.0,2956.0,2014-11-25,Tue
2014-11-26,2021.0,97.0,1162.0,83.0,44.0,3407.0,2014-11-26,Wed
2014-11-27,2087.0,110.0,1327.0,109.0,92.0,3725.0,2014-11-27,Thu
2014-11-28,3751.0,180.0,1956.0,358.0,65.0,6310.0,2014-11-28,Fri
2014-11-29,3319.0,196.0,1678.0,303.0,106.0,5602.0,2014-11-29,Sat
2014-11-30,1439.0,100.0,484.0,8.0,42.0,2073.0,2014-11-30,Sun
2014-12-01,1184.0,59.0,436.0,65.0,21.0,1765.0,2014-12-01,Mon
2014-12-02,1418.0,91.0,727.0,161.0,36.0,2433.0,2014-12-02,Tue
2014-12-03,1940.0,64.0,832.0,119.0,7.0,2962.0,2014-12-03,Wed
2014-12-04,1693.0,66.0,974.0,99.0,15.0,2847.0,2014-12-04,Thu
2014-12-05,2440.0,140.0,1483.0,174.0,103.0,4340.0,2014-12-05,Fri
2014-12-06,3931.0,194.0,1672.0,433.0,138.0,6368.0,2014-12-06,Sat
2014-12-07,1829.0,102.0,703.0,197.0,29.0,2860.0,2014-12-07,Sun
2014-12-08,1000.0,69.0,1192.0,641.0,212.0,3114.0,2014-12-08,Mon
2014-12-09,1456.0,92.0,1176.0,-0.0,18.0,2742.0,2014-12-09,Tue
2014-12-10,3105.0,106.0,2407.0,521.0,146.0,6285.0,2014-12-10,Wed
2014-12-11,2058.0,79.0,884.0,250.0,44.0,3315.0,2014-12-11,Thu
2014-12-12,5151.0,185.0,3761.0,518.0,204.0,9819.0,2014-12-12,Fri
2014-12-13,3145.0,212.0,1171.0,137.0,56.0,4721.0,2014-12-13,Sat
2014-12-14,1680.0,115.0,909.0,153.0,48.0,2905.0,2014-12-14,Sun
2014-12-15,894.0,54.0,379.0,77.0,73.0,1477.0,2014-12-15,Mon
2014-12-16,2046.0,188.0,878.0,172.0,36.0,3320.0,2014-12-16,Tue
2014-12-17,2417.0,108.0,1655.0,376.0,40.0,4596.0,2014-12-17,Wed
2014-12-18,2245.0,124.0,1236.0,13.0,28.0,3646.0,2014-12-18,Thu
2014-12-19,5369.0,240.0,2579.0,630.0,177.0,8995.0,2014-12-19,Fri
2014-12-21,2185.0,121.0,974.0,64.0,80.0,3424.0,2014-12-21,Sun
2014-12-26,2133.0,87.0,727.0,167.0,57.0,3171.0,2014-12-26,Fri
2014-12-27,2831.0,102.0,1159.0,260.0,43.0,4395.0,2014-12-27,Sat
2014-12-28,1164.0,94.0,578.0,7.0,-0.0,1843.0,2014-12-28,Sun
2014-12-29,1136.0,59.0,503.0,48.0,57.0,1803.0,2014-12-29,Mon
2014-12-30,2182.0,106.0,1190.0,139.0,34.0,3651.0,2014-12-30,Tue
2014-12-31,5288.0,211.0,1606.0,345.0,51.0,7501.0,2014-12-31,Wed
2015-01-02,2979.0,184.0,1430.0,318.0,50.0,4961.0,2015-01-02,Fri
2015-01-03,1402.0,61.0,700.0,26.0,36.0,2225.0,2015-01-03,Sat
2015-01-04,1160.0,51.0,675.0,105.0,15.0,2006.0,2015-01-04,Sun
2015-01-06,1085.0,28.0,442.0,-0.0,22.0,1577.0,2015-01-06,Tue
2015-01-07,747.0,29.0,1006.0,9.0,-0.0,1791.0,2015-01-07,Wed
2015-01-08,1219.0,28.0,639.0,78.0,7.0,1971.0,2015-01-08,Thu
2015-01-09,2518.0,92.0,1265.0,234.0,44.0,4153.0,2015-01-09,Fri
2015-01-10,3837.0,261.0,1507.0,396.0,138.0,6139.0,2015-01-10,Sat
2015-01-12,890.0,49.0,62.0,62.0,65.0,1128.0,2015-01-12,Mon
2015-01-13,1015.0,44.0,419.0,62.0,58.0,1598.0,2015-01-13,Tue
2015-01-14,1425.0,113.0,1383.0,119.0,174.0,3214.0,2015-01-14,Wed
2015-01-15,1406.0,56.0,802.0,39.0,50.0,2353.0,2015-01-15,Thu
2015-01-16,2720.0,157.0,1609.0,207.0,83.0,4776.0,2015-01-16,Fri
2015-01-17,3249.0,122.0,1525.0,361.0,131.0,5388.0,2015-01-17,Sat
2015-01-18,1391.0,70.0,578.0,58.0,42.0,2139.0,2015-01-18,Sun
2015-01-19,361.0,12.0,114.0,-0.0,7.0,494.0,2015-01-19,Mon
2015-01-20,749.0,49.0,380.0,59.0,22.0,1259.0,2015-01-20,Tue
2015-01-21,1619.0,97.0,2015.0,54.0,57.0,3842.0,2015-01-21,Wed
2015-01-22,1144.0,54.0,596.0,68.0,15.0,1877.0,2015-01-22,Thu
2015-01-23,1788.0,75.0,695.0,205.0,107.0,2870.0,2015-01-23,Fri
2015-01-24,4078.0,160.0,1542.0,299.0,115.0,6194.0,2015-01-24,Sat
2015-01-25,1100.0,52.0,290.0,63.0,31.0,1536.0,2015-01-25,Sun
2015-01-26,807.0,21.0,343.0,24.0,58.0,1253.0,2015-01-26,Mon
2015-01-27,1089.0,59.0,554.0,14.0,73.0,1789.0,2015-01-27,Tue
2015-01-28,1164.0,48.0,2099.0,26.0,12.0,3349.0,2015-01-28,Wed
2015-01-29,1647.0,88.0,1087.0,58.0,62.0,2942.0,2015-01-29,Thu
2015-01-30,3204.0,200.0,2019.0,242.0,65.0,5730.0,2015-01-30,Fri
2015-01-31,2722.0,183.0,1158.0,238.0,43.0,4344.0,2015-01-31,Sat
2015-02-01,662.0,38.0,323.0,59.0,-0.0,1082.0,2015-02-01,Sun
2015-02-02,340.0,20.0,313.0,-0.0,-0.0,673.0,2015-02-02,Mon
2015-02-03,820.0,52.0,271.0,38.0,13.0,1194.0,2015-02-03,Tue
2015-02-04,1511.0,74.0,1609.0,-0.0,80.0,3274.0,2015-02-04,Wed
2015-02-05,1460.0,55.0,634.0,143.0,15.0,2307.0,2015-02-05,Thu
2015-02-06,2396.0,86.0,1222.0,162.0,64.0,3930.0,2015-02-06,Fri
2015-02-07,2560.0,146.0,1079.0,202.0,15.0,4002.0,2015-02-07,Sat
2015-02-08,1354.0,55.0,556.0,47.0,33.0,2045.0,2015-02-08,Sun
2015-02-09,485.0,14.0,206.0,26.0,-0.0,731.0,2015-02-09,Mon
2015-02-10,590.0,10.0,271.0,13.0,15.0,899.0,2015-02-10,Tue
2015-02-11,1438.0,43.0,1610.0,54.0,7.0,3152.0,2015-02-11,Wed
2015-02-12,537.0,58.0,220.0,13.0,-0.0,828.0,2015-02-12,Thu
2015-02-13,2832.0,153.0,1423.0,236.0,127.0,4771.0,2015-02-13,Fri
2015-02-14,6934.0,141.0,963.0,1164.0,56.0,9258.0,2015-02-14,Sat
2015-02-15,2122.0,149.0,787.0,28.0,42.0,3128.0,2015-02-15,Sun
2015-02-17,1104.0,63.0,513.0,71.0,50.0,1801.0,2015-02-17,Tue
2015-02-18,747.0,27.0,645.0,10.0,15.0,1444.0,2015-02-18,Wed
2015-02-19,1431.0,48.0,549.0,98.0,51.0,2177.0,2015-02-19,Thu
2015-02-20,2365.0,74.0,1104.0,97.0,22.0,3662.0,2015-02-20,Fri
2015-02-21,6062.0,181.0,5793.0,1236.0,88.0,13360.0,2015-02-21,Sat
2015-02-22,652.0,37.0,270.0,42.0,21.0,1022.0,2015-02-22,Sun
2015-02-23,417.0,32.0,332.0,13.0,7.0,801.0,2015-02-23,Mon
2015-02-24,892.0,34.0,742.0,26.0,-0.0,1694.0,2015-02-24,Tue
2015-02-25,1381.0,55.0,1741.0,29.0,63.0,3269.0,2015-02-25,Wed
2015-02-26,1134.0,55.0,665.0,85.0,38.0,1977.0,2015-02-26,Thu
2015-02-27,2538.0,64.0,1661.0,295.0,87.0,4645.0,2015-02-27,Fri
2015-02-28,2365.0,139.0,966.0,78.0,49.0,3597.0,2015-02-28,Sat
2015-03-01,1100.0,54.0,520.0,104.0,73.0,1851.0,2015-03-01,Sun
2015-03-02,780.0,60.0,394.0,101.0,7.0,1342.0,2015-03-02,Mon
2015-03-03,921.0,36.0,568.0,13.0,21.0,1559.0,2015-03-03,Tue
2015-03-04,1098.0,36.0,1599.0,-0.0,60.0,2793.0,2015-03-04,Wed
2015-03-05,1287.0,102.0,630.0,26.0,22.0,2067.0,2015-03-05,Thu
2015-03-06,1421.0,100.0,563.0,93.0,15.0,2192.0,2015-03-06,Fri
2015-03-07,2350.0,104.0,1284.0,224.0,102.0,4064.0,2015-03-07,Sat
2015-03-08,955.0,30.0,418.0,64.0,15.0,1482.0,2015-03-08,Sun
2015-03-09,135.0,-0.0,12.0,-0.0,7.0,154.0,2015-03-09,Mon
2015-03-10,985.0,25.0,659.0,46.0,26.0,1741.0,2015-03-10,Tue
2015-03-11,953.0,65.0,1060.0,23.0,41.0,2142.0,2015-03-11,Wed
2015-03-12,1963.0,56.0,1373.0,36.0,7.0,3435.0,2015-03-12,Thu
2015-03-13,1779.0,89.0,684.0,153.0,22.0,2727.0,2015-03-13,Fri
2015-03-14,3152.0,167.0,1853.0,302.0,108.0,5582.0,2015-03-14,Sat
2015-03-15,1766.0,71.0,1053.0,34.0,36.0,2960.0,2015-03-15,Sun
2015-03-16,1062.0,46.0,431.0,78.0,-0.0,1617.0,2015-03-16,Mon
2015-03-17,1214.0,42.0,477.0,65.0,105.0,1903.0,2015-03-17,Tue
2015-03-18,2059.0,88.0,2313.0,52.0,77.0,4589.0,2015-03-18,Wed
2015-03-20,3102.0,131.0,1428.0,270.0,121.0,5052.0,2015-03-20,Fri
2015-03-21,2952.0,145.0,1103.0,196.0,101.0,4497.0,2015-03-21,Sat
2015-03-22,1137.0,57.0,319.0,46.0,15.0,1574.0,2015-03-22,Sun
2015-03-23,779.0,43.0,594.0,116.0,-0.0,1532.0,2015-03-23,Mon
2015-03-24,1395.0,83.0,845.0,57.0,15.0,2395.0,2015-03-24,Tue
2015-03-25,1691.0,78.0,2205.0,92.0,-0.0,4066.0,2015-03-25,Wed
2015-03-26,1876.0,53.0,1021.0,93.0,44.0,3087.0,2015-03-26,Thu
2015-03-27,2575.0,96.0,1005.0,163.0,164.0,4003.0,2015-03-27,Fri
2015-03-28,4088.0,190.0,1917.0,183.0,173.0,6551.0,2015-03-28,Sat
2015-03-29,2121.0,79.0,473.0,72.0,14.0,2759.0,2015-03-29,Sun
2015-03-30,1982.0,91.0,1240.0,57.0,43.0,3413.0,2015-03-30,Mon
2015-04-01,940.0,38.0,1140.0,14.0,26.0,2158.0,2015-04-01,Wed
2015-04-02,2770.0,130.0,1197.0,113.0,49.0,4259.0,2015-04-02,Thu
2015-04-03,1257.0,66.0,567.0,109.0,-0.0,1999.0,2015-04-03,Fri
2015-04-04,2139.0,141.0,1065.0,263.0,78.0,3686.0,2015-04-04,Sat
2015-04-05,751.0,45.0,284.0,26.0,-0.0,1106.0,2015-04-05,Sun
2015-04-07,1446.0,84.0,807.0,97.0,7.0,2441.0,2015-04-07,Tue
2015-04-08,1307.0,65.0,1621.0,82.0,65.0,3140.0,2015-04-08,Wed
2015-04-09,1165.0,78.0,573.0,-0.0,7.0,1823.0,2015-04-09,Thu
2015-04-10,2351.0,156.0,1287.0,205.0,65.0,4064.0,2015-04-10,Fri
2015-04-11,3361.0,125.0,1746.0,407.0,180.0,5819.0,2015-04-11,Sat
2015-04-12,1501.0,120.0,533.0,90.0,50.0,2294.0,2015-04-12,Sun
2015-04-13,689.0,13.0,288.0,55.0,22.0,1067.0,2015-04-13,Mon
2015-04-14,1134.0,87.0,552.0,33.0,65.0,1871.0,2015-04-14,Tue
2015-04-15,1938.0,125.0,1987.0,61.0,65.0,4176.0,2015-04-15,Wed
2015-04-16,1794.0,110.0,1236.0,128.0,86.0,3354.0,2015-04-16,Thu
2015-04-17,3531.0,178.0,1808.0,304.0,116.0,5937.0,2015-04-17,Fri
2015-04-18,2739.0,122.0,1226.0,272.0,50.0,4409.0,2015-04-18,Sat
2015-04-19,1475.0,53.0,906.0,86.0,22.0,2542.0,2015-04-19,Sun
2015-04-20,1076.0,26.0,394.0,61.0,7.0,1564.0,2015-04-20,Mon
2015-04-21,982.0,42.0,492.0,50.0,21.0,1587.0,2015-04-21,Tue
2015-04-22,2124.0,95.0,2047.0,79.0,93.0,4438.0,2015-04-22,Wed
2015-04-23,2162.0,93.0,1372.0,102.0,84.0,3813.0,2015-04-23,Thu
2015-04-24,3035.0,134.0,1554.0,288.0,104.0,5115.0,2015-04-24,Fri
2015-04-25,2901.0,133.0,1239.0,307.0,76.0,4656.0,2015-04-25,Sat
2015-04-26,1333.0,79.0,549.0,140.0,-0.0,2101.0,2015-04-26,Sun
2015-04-27,930.0,47.0,611.0,21.0,28.0,1637.0,2015-04-27,Mon
2015-04-28,839.0,43.0,491.0,52.0,22.0,1447.0,2015-04-28,Tue
2015-04-29,1772.0,44.0,1581.0,127.0,94.0,3618.0,2015-04-29,Wed
2015-04-30,2494.0,130.0,1329.0,105.0,101.0,4159.0,2015-04-30,Thu
2015-05-01,3690.0,236.0,1622.0,286.0,270.0,6104.0,2015-05-01,Fri
2015-05-02,3606.0,211.0,1499.0,296.0,198.0,5810.0,2015-05-02,Sat
2015-05-03,1761.0,89.0,501.0,72.0,62.0,2485.0,2015-05-03,Sun
2015-05-04,1402.0,34.0,788.0,-0.0,98.0,2322.0,2015-05-04,Mon
2015-05-05,1434.0,47.0,851.0,62.0,52.0,2446.0,2015-05-05,Tue
2015-05-06,1601.0,121.0,1332.0,484.0,58.0,3596.0,2015-05-06,Wed
2015-05-07,1787.0,69.0,1172.0,353.0,98.0,3479.0,2015-05-07,Thu
2015-05-08,3763.0,167.0,1557.0,557.0,194.0,6238.0,2015-05-08,Fri
2015-05-09,5020.0,197.0,2020.0,286.0,200.0,7723.0,2015-05-09,Sat
2015-05-10,7376.0,364.0,1875.0,361.0,83.0,10059.0,2015-05-10,Sun
2015-05-11,1674.0,59.0,604.0,161.0,36.0,2534.0,2015-05-11,Mon
2015-05-12,1799.0,60.0,1084.0,69.0,36.0,3048.0,2015-05-12,Tue
2015-05-13,2059.0,73.0,1406.0,294.0,36.0,3868.0,2015-05-13,Wed
2015-05-14,2137.0,78.0,1295.0,148.0,98.0,3756.0,2015-05-14,Thu
2015-05-15,4002.0,162.0,1636.0,204.0,72.0,6076.0,2015-05-15,Fri
2015-05-16,3947.0,222.0,1703.0,365.0,176.0,6413.0,2015-05-16,Sat
2015-05-17,3262.0,163.0,1251.0,355.0,77.0,5108.0,2015-05-17,Sun
2015-05-18,2010.0,51.0,717.0,155.0,97.0,3030.0,2015-05-18,Mon
2015-05-19,739.0,53.0,586.0,10.0,29.0,1417.0,2015-05-19,Tue
2015-05-20,1454.0,86.0,1190.0,181.0,86.0,2997.0,2015-05-20,Wed
2015-05-21,5271.0,344.0,2895.0,543.0,64.0,9117.0,2015-05-21,Thu
2015-05-22,3349.0,141.0,1995.0,250.0,78.0,5813.0,2015-05-22,Fri
2015-05-23,3479.0,135.0,1382.0,309.0,194.0,5499.0,2015-05-23,Sat
2015-05-24,5702.0,242.0,2160.0,1554.0,213.0,9871.0,2015-05-24,Sun
2015-05-25,797.0,36.0,413.0,13.0,43.0,1302.0,2015-05-25,Mon
2015-05-26,3319.0,184.0,1619.0,194.0,149.0,5465.0,2015-05-26,Tue
2015-05-27,3284.0,153.0,2550.0,304.0,51.0,6342.0,2015-05-27,Wed
2015-05-28,1740.0,80.0,911.0,207.0,100.0,3038.0,2015-05-28,Thu
2015-05-29,4198.0,192.0,2218.0,535.0,158.0,7301.0,2015-05-29,Fri
2015-05-30,5129.0,227.0,2723.0,255.0,81.0,8415.0,2015-05-30,Sat
2015-05-31,2258.0,130.0,553.0,176.0,57.0,3174.0,2015-05-31,Sun
2015-06-01,1685.0,34.0,960.0,82.0,56.0,2817.0,2015-06-01,Mon
2015-06-02,1787.0,86.0,716.0,115.0,64.0,2768.0,2015-06-02,Tue
2015-06-03,2356.0,136.0,2147.0,59.0,86.0,4784.0,2015-06-03,Wed
2015-06-04,1976.0,70.0,912.0,99.0,101.0,3158.0,2015-06-04,Thu
2015-06-05,3223.0,199.0,1924.0,129.0,124.0,5599.0,2015-06-05,Fri
2015-06-06,3780.0,180.0,1713.0,364.0,131.0,6168.0,2015-06-06,Sat
2015-06-07,6107.0,176.0,1111.0,108.0,42.0,7544.0,2015-06-07,Sun
2015-06-08,1563.0,70.0,591.0,164.0,102.0,2490.0,2015-06-08,Mon
2015-06-09,2246.0,60.0,1350.0,97.0,120.0,3873.0,2015-06-09,Tue
2015-06-10,2719.0,280.0,2681.0,106.0,72.0,5858.0,2015-06-10,Wed
2015-06-11,3097.0,174.0,2212.0,208.0,202.0,5893.0,2015-06-11,Thu
2015-06-12,4710.0,189.0,2569.0,308.0,119.0,7895.0,2015-06-12,Fri
2015-06-13,4710.0,217.0,1647.0,355.0,195.0,7124.0,2015-06-13,Sat
2015-06-14,3451.0,220.0,1448.0,246.0,65.0,5430.0,2015-06-14,Sun
2015-06-15,2177.0,46.0,1443.0,73.0,69.0,3808.0,2015-06-15,Mon
2015-06-16,2282.0,150.0,1170.0,172.0,144.0,3918.0,2015-06-16,Tue
2015-06-17,1963.0,56.0,1809.0,39.0,28.0,3895.0,2015-06-17,Wed
2015-06-18,2733.0,116.0,1179.0,124.0,241.0,4393.0,2015-06-18,Thu
2015-06-19,3398.0,155.0,1516.0,373.0,260.0,5702.0,2015-06-19,Fri
2015-06-20,5471.0,306.0,3150.0,266.0,315.0,9508.0,2015-06-20,Sat
2015-06-21,3192.0,149.0,937.0,294.0,159.0,4731.0,2015-06-21,Sun
2015-06-22,1373.0,64.0,516.0,40.0,49.0,2042.0,2015-06-22,Mon
2015-06-23,2472.0,112.0,1290.0,127.0,42.0,4043.0,2015-06-23,Tue
2015-06-24,3022.0,115.0,3046.0,164.0,188.0,6535.0,2015-06-24,Wed
2015-06-25,2350.0,124.0,1173.0,93.0,69.0,3809.0,2015-06-25,Thu
2015-06-26,2401.0,139.0,1043.0,111.0,28.0,3722.0,2015-06-26,Fri
2015-06-27,3530.0,191.0,1913.0,276.0,151.0,6061.0,2015-06-27,Sat
2015-06-28,1152.0,58.0,534.0,87.0,-0.0,1831.0,2015-06-28,Sun
2015-06-29,2353.0,100.0,1531.0,202.0,108.0,4294.0,2015-06-29,Mon
2015-06-30,5880.0,265.0,4375.0,478.0,145.0,11143.0,2015-06-30,Tue
2015-07-02,2537.0,126.0,1063.0,185.0,79.0,3990.0,2015-07-02,Thu
2015-07-03,3800.0,133.0,1683.0,225.0,211.0,6052.0,2015-07-03,Fri
2015-07-04,2602.0,108.0,1103.0,146.0,71.0,4030.0,2015-07-04,Sat
2015-07-05,1393.0,79.0,511.0,97.0,86.0,2166.0,2015-07-05,Sun
2015-07-06,2574.0,119.0,1471.0,319.0,36.0,4519.0,2015-07-06,Mon
2015-07-07,4644.0,169.0,1746.0,161.0,189.0,6909.0,2015-07-07,Tue
2015-07-08,1948.0,96.0,1672.0,176.0,50.0,3942.0,2015-07-08,Wed
2015-07-09,2223.0,97.0,564.0,65.0,72.0,3021.0,2015-07-09,Thu
2015-07-10,5846.0,298.0,3288.0,224.0,142.0,9798.0,2015-07-10,Fri
2015-07-11,2279.0,101.0,905.0,202.0,103.0,3590.0,2015-07-11,Sat
2015-07-12,1429.0,61.0,517.0,122.0,79.0,2208.0,2015-07-12,Sun
2015-07-13,1444.0,59.0,724.0,48.0,22.0,2297.0,2015-07-13,Mon
2015-07-14,2277.0,117.0,631.0,223.0,122.0,3370.0,2015-07-14,Tue
2015-07-15,1816.0,118.0,2003.0,68.0,34.0,4039.0,2015-07-15,Wed
2015-07-16,1561.0,102.0,950.0,117.0,93.0,2823.0,2015-07-16,Thu
2015-07-17,2553.0,118.0,1408.0,297.0,55.0,4431.0,2015-07-17,Fri
2015-07-18,3351.0,80.0,1522.0,447.0,72.0,5472.0,2015-07-18,Sat
2015-07-19,2490.0,104.0,647.0,124.0,116.0,3481.0,2015-07-19,Sun
2015-07-20,2212.0,108.0,985.0,104.0,72.0,3481.0,2015-07-20,Mon
2015-07-21,1121.0,55.0,575.0,39.0,94.0,1884.0,2015-07-21,Tue
2015-07-22,3339.0,166.0,3896.0,276.0,70.0,7747.0,2015-07-22,Wed
2015-07-23,3117.0,95.0,1518.0,66.0,203.0,4999.0,2015-07-23,Thu
2015-07-25,3074.0,154.0,1178.0,371.0,139.0,4916.0,2015-07-25,Sat
2015-07-26,2246.0,92.0,806.0,43.0,125.0,3312.0,2015-07-26,Sun
2015-07-27,5562.0,198.0,2092.0,448.0,348.0,8648.0,2015-07-27,Mon
2015-07-28,1965.0,65.0,1032.0,157.0,121.0,3340.0,2015-07-28,Tue
2015-07-29,2686.0,87.0,2832.0,200.0,150.0,5955.0,2015-07-29,Wed
2015-07-30,2202.0,74.0,1238.0,232.0,62.0,3808.0,2015-07-30,Thu
2015-07-31,2685.0,91.0,894.0,94.0,135.0,3899.0,2015-07-31,Fri
2015-08-01,2845.0,110.0,1244.0,68.0,190.0,4457.0,2015-08-01,Sat
2015-08-02,2301.0,54.0,914.0,76.0,29.0,3374.0,2015-08-02,Sun
2015-08-04,2096.0,113.0,1152.0,152.0,51.0,3564.0,2015-08-04,Tue
2015-08-05,2595.0,93.0,2987.0,13.0,65.0,5753.0,2015-08-05,Wed
2015-08-06,2202.0,72.0,1080.0,105.0,137.0,3596.0,2015-08-06,Thu
2015-08-07,3297.0,153.0,1266.0,335.0,114.0,5165.0,2015-08-07,Fri
2015-08-08,4039.0,157.0,1672.0,194.0,261.0,6323.0,2015-08-08,Sat
2015-08-09,1867.0,100.0,790.0,64.0,78.0,2899.0,2015-08-09,Sun
2015-08-10,1614.0,52.0,818.0,132.0,72.0,2688.0,2015-08-10,Mon
2015-08-11,1970.0,78.0,1202.0,139.0,104.0,3493.0,2015-08-11,Tue
2015-08-12,2491.0,56.0,3088.0,94.0,63.0,5792.0,2015-08-12,Wed
2015-08-13,4210.0,249.0,2616.0,237.0,225.0,7537.0,2015-08-13,Thu
2015-08-14,2860.0,163.0,1433.0,273.0,162.0,4891.0,2015-08-14,Fri
2015-08-15,3574.0,203.0,1594.0,240.0,121.0,5732.0,2015-08-15,Sat
2015-08-16,2108.0,56.0,666.0,174.0,86.0,3090.0,2015-08-16,Sun
2015-08-17,2879.0,168.0,1218.0,278.0,292.0,4835.0,2015-08-17,Mon
2015-08-18,1756.0,74.0,791.0,175.0,143.0,2939.0,2015-08-18,Tue
2015-08-19,3338.0,151.0,4351.0,159.0,180.0,8179.0,2015-08-19,Wed
2015-08-20,2612.0,107.0,1531.0,219.0,49.0,4518.0,2015-08-20,Thu
2015-08-21,3074.0,105.0,1582.0,140.0,79.0,4980.0,2015-08-21,Fri
2015-08-22,3743.0,112.0,1509.0,434.0,94.0,5892.0,2015-08-22,Sat
2015-08-23,2334.0,99.0,602.0,50.0,219.0,3304.0,2015-08-23,Sun
2015-08-24,2516.0,129.0,1557.0,78.0,48.0,4328.0,2015-08-24,Mon
2015-08-25,2430.0,107.0,1185.0,94.0,109.0,3925.0,2015-08-25,Tue
2015-08-26,2857.0,127.0,1278.0,176.0,114.0,4552.0,2015-08-26,Wed
2015-08-27,2436.0,118.0,2206.0,125.0,83.0,4968.0,2015-08-27,Thu
2015-08-28,3066.0,125.0,1348.0,231.0,127.0,4897.0,2015-08-28,Fri
2015-08-29,3488.0,177.0,1352.0,367.0,274.0,5658.0,2015-08-29,Sat
2015-08-30,2570.0,118.0,1104.0,89.0,156.0,4037.0,2015-08-30,Sun
2015-08-31,1818.0,46.0,899.0,123.0,109.0,2995.0,2015-08-31,Mon
2015-09-01,1638.0,61.0,828.0,174.0,150.0,2851.0,2015-09-01,Tue
2015-09-02,2251.0,116.0,2458.0,74.0,97.0,4996.0,2015-09-02,Wed
2015-09-03,2164.0,121.0,1053.0,182.0,36.0,3556.0,2015-09-03,Thu
2015-09-04,2680.0,96.0,1047.0,265.0,102.0,4190.0,2015-09-04,Fri
2015-09-05,3400.0,147.0,1674.0,347.0,177.0,5745.0,2015-09-05,Sat
2015-09-06,2665.0,83.0,1451.0,78.0,173.0,4450.0,2015-09-06,Sun
2015-09-07,2799.0,122.0,1362.0,219.0,110.0,4612.0,2015-09-07,Mon
2015-09-08,1592.0,99.0,615.0,143.0,78.0,2527.0,2015-09-08,Tue
2015-09-09,1855.0,102.0,2074.0,179.0,22.0,4232.0,2015-09-09,Wed
2015-09-10,1738.0,80.0,847.0,232.0,216.0,3113.0,2015-09-10,Thu
2015-09-11,4439.0,238.0,1876.0,493.0,106.0,7152.0,2015-09-11,Fri
2015-09-12,3436.0,113.0,1753.0,252.0,113.0,5667.0,2015-09-12,Sat
2015-09-13,1516.0,47.0,416.0,57.0,58.0,2094.0,2015-09-13,Sun
2015-09-14,898.0,17.0,410.0,99.0,20.0,1444.0,2015-09-14,Mon
2015-09-15,1452.0,44.0,625.0,166.0,41.0,2328.0,2015-09-15,Tue
2015-09-16,3282.0,82.0,4147.0,114.0,152.0,7777.0,2015-09-16,Wed
2015-09-17,1831.0,65.0,1061.0,65.0,29.0,3051.0,2015-09-17,Thu
2015-09-18,3513.0,153.0,1822.0,398.0,95.0,5981.0,2015-09-18,Fri
2015-09-19,3580.0,118.0,1484.0,272.0,143.0,5597.0,2015-09-19,Sat
2015-09-20,2625.0,83.0,1106.0,155.0,70.0,4039.0,2015-09-20,Sun
2015-09-21,1358.0,69.0,666.0,52.0,65.0,2210.0,2015-09-21,Mon
2015-09-22,2501.0,128.0,1379.0,142.0,57.0,4207.0,2015-09-22,Tue
2015-09-23,2455.0,106.0,1970.0,153.0,22.0,4706.0,2015-09-23,Wed
2015-09-24,2001.0,121.0,1486.0,121.0,80.0,3809.0,2015-09-24,Thu
2015-09-25,3118.0,114.0,1455.0,345.0,140.0,5172.0,2015-09-25,Fri
2015-09-26,2998.0,223.0,4194.0,1488.0,1028.0,9931.0,2015-09-26,Sat
2015-09-27,2373.0,92.0,822.0,159.0,114.0,3560.0,2015-09-27,Sun
2015-09-28,1067.0,16.0,367.0,105.0,21.0,1576.0,2015-09-28,Mon
2015-09-30,2128.0,61.0,2477.0,60.0,14.0,4740.0,2015-09-30,Wed
2015-10-01,1488.0,50.0,983.0,146.0,47.0,2714.0,2015-10-01,Thu
2015-10-02,1958.0,72.0,1088.0,85.0,35.0,3238.0,2015-10-02,Fri
2015-10-03,2939.0,135.0,1338.0,456.0,91.0,4959.0,2015-10-03,Sat
2015-10-04,1077.0,42.0,615.0,23.0,35.0,1792.0,2015-10-04,Sun
2015-10-05,1927.0,85.0,1006.0,37.0,50.0,3105.0,2015-10-05,Mon
2015-10-06,1561.0,54.0,819.0,53.0,20.0,2507.0,2015-10-06,Tue
2015-10-07,2298.0,116.0,3388.0,71.0,62.0,5935.0,2015-10-07,Wed
2015-10-08,2056.0,124.0,1328.0,139.0,44.0,3691.0,2015-10-08,Thu
2015-10-09,2273.0,82.0,957.0,60.0,42.0,3414.0,2015-10-09,Fri
2015-10-10,2877.0,159.0,1202.0,46.0,35.0,4319.0,2015-10-10,Sat
2015-10-11,569.0,27.0,143.0,13.0,46.0,798.0,2015-10-11,Sun
2015-10-13,713.0,26.0,559.0,19.0,7.0,1324.0,2015-10-13,Tue
2015-10-14,1427.0,45.0,1445.0,27.0,36.0,2980.0,2015-10-14,Wed
2015-10-15,1342.0,73.0,702.0,95.0,42.0,2254.0,2015-10-15,Thu
2015-10-16,2692.0,137.0,1488.0,212.0,55.0,4584.0,2015-10-16,Fri
2015-10-17,3584.0,109.0,1801.0,286.0,61.0,5841.0,2015-10-17,Sat
2015-10-18,1400.0,41.0,638.0,21.0,27.0,2127.0,2015-10-18,Sun
2015-10-19,318.0,6.0,195.0,-0.0,-0.0,519.0,2015-10-19,Mon
2015-10-20,1101.0,23.0,331.0,45.0,21.0,1521.0,2015-10-20,Tue
2015-10-21,3066.0,87.0,2746.0,521.0,65.0,6485.0,2015-10-21,Wed
2015-10-22,1732.0,42.0,664.0,130.0,29.0,2597.0,2015-10-22,Thu
2015-10-23,2659.0,66.0,1027.0,357.0,63.0,4172.0,2015-10-23,Fri
2015-10-24,3692.0,147.0,1623.0,314.0,54.0,5830.0,2015-10-24,Sat
2015-10-25,2402.0,100.0,978.0,49.0,50.0,3579.0,2015-10-25,Sun
2015-10-26,917.0,34.0,809.0,104.0,14.0,1878.0,2015-10-26,Mon
2015-10-27,1322.0,81.0,853.0,226.0,36.0,2518.0,2015-10-27,Tue
2015-10-28,1936.0,58.0,2523.0,120.0,7.0,4644.0,2015-10-28,Wed
2015-10-29,2134.0,172.0,803.0,69.0,33.0,3211.0,2015-10-29,Thu
2015-10-30,2878.0,81.0,1481.0,104.0,78.0,4622.0,2015-10-30,Fri
2015-10-31,1629.0,79.0,563.0,149.0,114.0,2534.0,2015-10-31,Sat
2015-11-01,1302.0,86.0,393.0,52.0,34.0,1867.0,2015-11-01,Sun
2015-11-02,720.0,10.0,355.0,-0.0,14.0,1099.0,2015-11-02,Mon
2015-11-03,1731.0,79.0,1009.0,130.0,62.0,3011.0,2015-11-03,Tue
2015-11-04,2312.0,84.0,1912.0,154.0,57.0,4519.0,2015-11-04,Wed
2015-11-05,1850.0,71.0,1073.0,79.0,70.0,3143.0,2015-11-05,Thu
2015-11-06,2630.0,440.0,1336.0,203.0,42.0,4651.0,2015-11-06,Fri
2015-11-07,4252.0,131.0,2333.0,282.0,43.0,7041.0,2015-11-07,Sat
2015-11-08,1105.0,54.0,517.0,13.0,7.0,1696.0,2015-11-08,Sun
2015-11-09,882.0,39.0,382.0,71.0,20.0,1394.0,2015-11-09,Mon
2015-11-10,1488.0,54.0,596.0,8.0,44.0,2190.0,2015-11-10,Tue
2015-11-11,1852.0,89.0,1908.0,100.0,105.0,4054.0,2015-11-11,Wed
2015-11-12,1889.0,70.0,915.0,219.0,56.0,3149.0,2015-11-12,Thu
2015-11-13,3250.0,144.0,1651.0,274.0,48.0,5367.0,2015-11-13,Fri
2015-11-14,3273.0,124.0,1560.0,277.0,113.0,5347.0,2015-11-14,Sat
2015-11-15,1622.0,60.0,778.0,59.0,63.0,2582.0,2015-11-15,Sun
2015-11-16,392.0,14.0,122.0,61.0,26.0,615.0,2015-11-16,Mon
2015-11-17,953.0,28.0,533.0,14.0,58.0,1586.0,2015-11-17,Tue
2015-11-18,1429.0,33.0,1687.0,23.0,21.0,3193.0,2015-11-18,Wed
2015-11-19,3239.0,72.0,1803.0,96.0,7.0,5217.0,2015-11-19,Thu
2015-11-20,2471.0,82.0,1158.0,246.0,118.0,4075.0,2015-11-20,Fri
2015-11-21,3444.0,150.0,1667.0,357.0,171.0,5789.0,2015-11-21,Sat
2015-11-22,1285.0,66.0,401.0,59.0,35.0,1846.0,2015-11-22,Sun
2015-11-23,1601.0,77.0,752.0,40.0,13.0,2483.0,2015-11-23,Mon
2015-11-24,843.0,42.0,505.0,20.0,15.0,1425.0,2015-11-24,Tue
2015-11-25,1832.0,71.0,2121.0,114.0,13.0,4151.0,2015-11-25,Wed
2015-11-26,1412.0,22.0,710.0,75.0,67.0,2286.0,2015-11-26,Thu
2015-11-27,3038.0,103.0,1608.0,358.0,157.0,5264.0,2015-11-27,Fri
2015-11-28,4201.0,171.0,1540.0,104.0,185.0,6201.0,2015-11-28,Sat
2015-11-29,1444.0,121.0,462.0,128.0,-0.0,2155.0,2015-11-29,Sun
2015-11-30,1978.0,90.0,780.0,84.0,21.0,2953.0,2015-11-30,Mon
2015-12-01,1975.0,47.0,1026.0,113.0,86.0,3247.0,2015-12-01,Tue
2015-12-02,2425.0,132.0,1726.0,220.0,108.0,4611.0,2015-12-02,Wed
2015-12-03,2003.0,112.0,922.0,195.0,41.0,3273.0,2015-12-03,Thu
2015-12-04,3662.0,142.0,1694.0,263.0,136.0,5897.0,2015-12-04,Fri
2015-12-05,3837.0,205.0,1840.0,283.0,99.0,6264.0,2015-12-05,Sat
2015-12-06,907.0,29.0,371.0,26.0,26.0,1359.0,2015-12-06,Sun
2015-12-07,3456.0,255.0,775.0,431.0,84.0,5001.0,2015-12-07,Mon
2015-12-08,2670.0,116.0,1435.0,858.0,15.0,5094.0,2015-12-08,Tue
2015-12-09,2215.0,114.0,2561.0,144.0,13.0,5047.0,2015-12-09,Wed
2015-12-10,2383.0,77.0,787.0,136.0,60.0,3443.0,2015-12-10,Thu
2015-12-11,4287.0,227.0,2389.0,805.0,310.0,8018.0,2015-12-11,Fri
2015-12-12,4707.0,237.0,1681.0,170.0,223.0,7018.0,2015-12-12,Sat
2015-12-13,1186.0,45.0,322.0,30.0,44.0,1627.0,2015-12-13,Sun
2015-12-14,1588.0,71.0,890.0,8.0,33.0,2590.0,2015-12-14,Mon
2015-12-15,1789.0,46.0,1022.0,64.0,65.0,2986.0,2015-12-15,Tue
2015-12-16,2825.0,172.0,2424.0,75.0,33.0,5529.0,2015-12-16,Wed
2015-12-17,3653.0,14.0,6338.0,112.0,221.0,10338.0,2015-12-17,Thu
2015-12-18,3283.0,129.0,1714.0,194.0,68.0,5388.0,2015-12-18,Fri
2015-12-19,3552.0,148.0,1722.0,264.0,58.0,5744.0,2015-12-19,Sat
2015-12-20,2085.0,136.0,687.0,178.0,43.0,3129.0,2015-12-20,Sun
2015-12-21,2211.0,118.0,1250.0,59.0,70.0,3708.0,2015-12-21,Mon
2015-12-22,2897.0,141.0,1451.0,68.0,51.0,4608.0,2015-12-22,Tue
2015-12-23,3042.0,94.0,3542.0,271.0,14.0,6963.0,2015-12-23,Wed
2015-12-26,1356.0,77.0,617.0,46.0,36.0,2132.0,2015-12-26,Sat
2015-12-27,1198.0,64.0,317.0,213.0,47.0,1839.0,2015-12-27,Sun
2015-12-28,1445.0,52.0,608.0,20.0,112.0,2237.0,2015-12-28,Mon
2015-12-29,3263.0,157.0,1558.0,220.0,78.0,5276.0,2015-12-29,Tue
2015-12-30,2350.0,145.0,2375.0,159.0,12.0,5041.0,2015-12-30,Wed
2015-12-31,4672.0,163.0,1555.0,336.0,55.0,6781.0,2015-12-31,Thu
2016-01-02,4524.0,220.0,1813.0,376.0,156.0,7089.0,2016-01-02,Sat
2016-01-06,2053.0,72.0,2611.0,135.0,7.0,4878.0,2016-01-06,Wed
2016-01-07,1771.0,76.0,795.0,24.0,33.0,2699.0,2016-01-07,Thu
2016-01-08,2236.0,98.0,1323.0,167.0,57.0,3881.0,2016-01-08,Fri
2016-01-09,2896.0,243.0,1200.0,90.0,64.0,4493.0,2016-01-09,Sat
2016-01-10,858.0,37.0,387.0,59.0,-0.0,1341.0,2016-01-10,Sun
2016-01-11,837.0,43.0,238.0,53.0,20.0,1191.0,2016-01-11,Mon
2016-01-12,1629.0,45.0,619.0,272.0,13.0,2578.0,2016-01-12,Tue
2016-01-13,1693.0,76.0,2105.0,164.0,7.0,4045.0,2016-01-13,Wed
2016-01-14,1450.0,36.0,881.0,36.0,22.0,2425.0,2016-01-14,Thu
2016-01-15,2121.0,89.0,1263.0,214.0,107.0,3794.0,2016-01-15,Fri
2016-01-16,3395.0,170.0,1568.0,228.0,114.0,5475.0,2016-01-16,Sat
2016-01-17,948.0,86.0,400.0,10.0,20.0,1464.0,2016-01-17,Sun
2016-01-18,693.0,56.0,351.0,24.0,22.0,1146.0,2016-01-18,Mon
2016-01-19,1186.0,78.0,631.0,25.0,7.0,1927.0,2016-01-19,Tue
2016-01-20,1859.0,102.0,1989.0,61.0,29.0,4040.0,2016-01-20,Wed
2016-01-21,910.0,55.0,406.0,58.0,57.0,1486.0,2016-01-21,Thu
2016-01-22,2402.0,116.0,1293.0,101.0,41.0,3953.0,2016-01-22,Fri
2016-01-23,2852.0,140.0,1229.0,122.0,54.0,4397.0,2016-01-23,Sat
2016-01-24,1388.0,36.0,757.0,16.0,20.0,2217.0,2016-01-24,Sun
2016-01-25,639.0,31.0,228.0,42.0,7.0,947.0,2016-01-25,Mon
2016-01-26,417.0,48.0,120.0,13.0,-0.0,598.0,2016-01-26,Tue
2016-01-27,1351.0,45.0,2076.0,161.0,7.0,3640.0,2016-01-27,Wed
2016-01-28,1977.0,76.0,774.0,96.0,54.0,2977.0,2016-01-28,Thu
2016-01-29,3485.0,172.0,1578.0,159.0,72.0,5466.0,2016-01-29,Fri
2016-01-30,4306.0,165.0,1489.0,161.0,135.0,6256.0,2016-01-30,Sat
2016-01-31,2447.0,39.0,644.0,96.0,20.0,3246.0,2016-01-31,Sun
2016-02-01,1484.0,48.0,429.0,70.0,36.0,2067.0,2016-02-01,Mon
2016-02-02,1688.0,18.0,789.0,180.0,-0.0,2675.0,2016-02-02,Tue
2016-02-03,1976.0,39.0,2007.0,66.0,54.0,4142.0,2016-02-03,Wed
2016-02-04,2541.0,51.0,1281.0,161.0,43.0,4077.0,2016-02-04,Thu
2016-02-05,3303.0,157.0,1377.0,256.0,92.0,5185.0,2016-02-05,Fri
2016-02-06,4769.0,236.0,1834.0,134.0,97.0,7070.0,2016-02-06,Sat
2016-02-07,1187.0,51.0,537.0,-0.0,41.0,1816.0,2016-02-07,Sun
2016-02-08,1316.0,59.0,795.0,108.0,7.0,2285.0,2016-02-08,Mon
2016-02-09,2502.0,117.0,827.0,215.0,41.0,3702.0,2016-02-09,Tue
2016-02-10,2152.0,56.0,2355.0,88.0,39.0,4690.0,2016-02-10,Wed
