date,food_cos,beverage_cos,wine_cos,liquor_cos,beer_cos,total_cos
2011-01-12,432.0,0.0,0.0,0.0,0.0,432.0
2011-03-12,152.0,0.0,0.0,0.0,0.0,152.0
2011-06-09,0.0,0.0,2561.0,0.0,0.0,2561.0
2011-07-30,4.0,0.0,0.0,0.0,0.0,4.0
2011-08-04,576.0,0.0,0.0,101.0,0.0,677.0
2011-08-05,7.0,0.0,0.0,0.0,0.0,7.0
2011-08-06,31.0,0.0,0.0,0.0,0.0,31.0
2011-08-08,0.0,0.0,0.0,0.0,7.0,7.0
2011-08-09,3.0,0.0,0.0,18.0,0.0,21.0
2011-08-12,2.0,0.0,0.0,0.0,0.0,2.0
2011-08-13,0.0,0.0,0.0,7.0,0.0,7.0
2011-08-15,501.0,0.0,0.0,27.0,0.0,528.0
2011-08-16,6.0,0.0,0.0,0.0,0.0,6.0
2011-08-17,740.0,11.0,0.0,0.0,0.0,751.0
2011-08-18,184.0,0.0,0.0,0.0,0.0,184.0
2011-08-19,450.0,34.0,0.0,0.0,0.0,484.0
2011-08-20,272.0,0.0,0.0,0.0,0.0,272.0
2011-08-21,8.0,0.0,0.0,0.0,0.0,8.0
2011-08-22,812.0,0.0,0.0,28.0,0.0,840.0
2011-08-23,263.0,0.0,0.0,0.0,0.0,263.0
2011-08-24,752.0,0.0,0.0,0.0,0.0,752.0
2011-08-26,80.0,0.0,0.0,58.0,0.0,138.0
2011-08-28,65.0,0.0,0.0,0.0,350.0,415.0
2011-08-30,54.0,0.0,0.0,0.0,0.0,54.0
2011-09-01,410.0,0.0,182.0,0.0,0.0,592.0
2011-09-02,205.0,0.0,0.0,0.0,69.0,274.0
2011-09-06,636.0,0.0,0.0,0.0,235.0,871.0
2011-09-07,3116.0,0.0,1666.0,1562.0,338.0,6682.0
2011-09-08,1862.0,257.0,3552.0,474.0,735.0,6880.0
2011-09-09,1783.0,0.0,5090.0,39.0,0.0,6912.0
2011-09-10,300.0,0.0,0.0,17.0,0.0,317.0
2011-09-11,26.0,28.0,0.0,0.0,0.0,54.0
2011-09-12,318.0,0.0,1455.0,0.0,0.0,1773.0
2011-09-13,552.0,0.0,296.0,0.0,0.0,848.0
2011-09-14,377.0,0.0,112.0,0.0,334.0,823.0
2011-09-15,120.0,0.0,737.0,0.0,0.0,857.0
2011-09-16,1264.0,17.0,0.0,425.0,0.0,1706.0
2011-09-17,303.0,0.0,0.0,131.0,0.0,434.0
2011-09-18,-40.0,0.0,0.0,0.0,338.0,298.0
2011-09-19,25.0,0.0,1041.0,0.0,0.0,1066.0
2011-09-20,1108.0,0.0,1363.0,0.0,0.0,2471.0
2011-09-21,1503.0,51.0,0.0,242.0,0.0,1796.0
2011-09-22,909.0,26.0,0.0,0.0,0.0,935.0
2011-09-23,498.0,0.0,1548.0,0.0,0.0,2046.0
2011-09-24,499.0,0.0,0.0,0.0,0.0,499.0
2011-09-25,110.0,0.0,0.0,0.0,0.0,110.0
2011-09-26,304.0,0.0,364.0,32.0,0.0,700.0
2011-09-27,801.0,0.0,680.0,173.0,0.0,1654.0
2011-09-28,893.0,0.0,1300.0,191.0,234.0,2618.0
2011-09-29,35.0,0.0,0.0,0.0,0.0,35.0
2011-09-30,1037.0,0.0,774.0,55.0,0.0,1866.0
2011-10-01,1328.0,0.0,1790.0,0.0,676.0,3794.0
2011-10-02,0.0,143.0,0.0,0.0,0.0,143.0
2011-10-03,0.0,0.0,0.0,341.0,0.0,341.0
2011-10-04,930.0,0.0,0.0,0.0,0.0,930.0
2011-10-05,1349.0,59.0,0.0,0.0,0.0,1408.0
2011-10-06,945.0,0.0,0.0,0.0,0.0,945.0
2011-10-07,1443.0,0.0,0.0,363.0,0.0,1806.0
2011-10-08,10.0,0.0,411.0,0.0,0.0,421.0
2011-10-10,273.0,0.0,0.0,0.0,0.0,273.0
2011-10-11,389.0,0.0,181.0,195.0,152.0,917.0
2011-10-12,796.0,0.0,2000.0,0.0,0.0,2796.0
2011-10-13,697.0,0.0,641.0,0.0,0.0,1338.0
2011-10-14,882.0,0.0,0.0,0.0,0.0,882.0
2011-10-15,272.0,0.0,0.0,0.0,0.0,272.0
2011-10-16,55.0,0.0,0.0,0.0,0.0,55.0
2011-10-17,0.0,0.0,932.0,0.0,0.0,932.0
2011-10-18,502.0,0.0,209.0,342.0,219.0,1272.0
2011-10-19,834.0,0.0,581.0,0.0,0.0,1415.0
2011-10-20,499.0,0.0,0.0,159.0,0.0,658.0
2011-10-21,1667.0,17.0,350.0,33.0,338.0,2405.0
2011-10-22,200.0,0.0,0.0,0.0,0.0,200.0
2011-10-25,1338.0,0.0,1310.0,200.0,0.0,2848.0
2011-10-26,948.0,42.0,0.0,133.0,0.0,1123.0
2011-10-27,455.0,0.0,364.0,0.0,0.0,819.0
2011-10-28,522.0,0.0,0.0,0.0,0.0,522.0
2011-10-29,259.0,23.0,0.0,0.0,0.0,282.0
2011-10-30,5.0,0.0,0.0,0.0,0.0,5.0
2011-10-31,0.0,0.0,322.0,0.0,0.0,322.0
2011-11-01,1234.0,111.0,316.0,64.0,0.0,1725.0
2011-11-02,356.0,0.0,545.0,182.0,0.0,1083.0
2011-11-03,1234.0,0.0,0.0,0.0,0.0,1234.0
2011-11-04,270.0,0.0,0.0,0.0,0.0,270.0
2011-11-05,1379.0,18.0,0.0,0.0,0.0,1397.0
2011-11-06,154.0,0.0,0.0,0.0,0.0,154.0
2011-11-07,0.0,0.0,1154.0,55.0,0.0,1209.0
2011-11-08,151.0,0.0,1621.0,109.0,0.0,1881.0
2011-11-09,359.0,0.0,688.0,0.0,0.0,1047.0
2011-11-10,1575.0,72.0,935.0,1227.0,146.0,3955.0
2011-11-11,225.0,177.0,0.0,0.0,492.0,894.0
2011-11-12,365.0,225.0,0.0,0.0,0.0,590.0
2011-11-15,1009.0,0.0,1170.0,642.0,0.0,2821.0
2011-11-16,344.0,11.0,242.0,0.0,0.0,597.0
2011-11-17,282.0,8.0,0.0,21.0,0.0,311.0
2011-11-18,436.0,0.0,0.0,0.0,0.0,436.0
2011-11-19,277.0,0.0,0.0,0.0,0.0,277.0
2011-11-21,-100.0,14.0,0.0,0.0,0.0,-86.0
2011-11-22,673.0,0.0,1063.0,0.0,0.0,1736.0
2011-11-23,325.0,0.0,533.0,1017.0,0.0,1875.0
2011-11-24,871.0,0.0,0.0,0.0,315.0,1186.0
2011-11-25,152.0,18.0,363.0,0.0,0.0,533.0
2011-11-26,521.0,5.0,0.0,22.0,0.0,548.0
2011-11-28,292.0,0.0,692.0,281.0,0.0,1265.0
2011-11-29,284.0,0.0,364.0,0.0,490.0,1138.0
2011-11-30,5.0,2.0,0.0,0.0,0.0,7.0
2011-12-01,920.0,0.0,551.0,0.0,0.0,1471.0
2011-12-02,807.0,0.0,0.0,0.0,0.0,807.0
2011-12-03,913.0,0.0,0.0,0.0,0.0,913.0
2011-12-04,2.0,0.0,0.0,0.0,0.0,2.0
2011-12-05,0.0,0.0,462.0,0.0,0.0,462.0
2011-12-06,698.0,0.0,387.0,0.0,0.0,1085.0
2011-12-07,519.0,0.0,447.0,0.0,0.0,966.0
2011-12-08,566.0,20.0,0.0,0.0,0.0,586.0
2011-12-09,1321.0,108.0,2717.0,196.0,0.0,4342.0
2011-12-10,481.0,18.0,0.0,65.0,0.0,564.0
2011-12-12,151.0,0.0,545.0,0.0,0.0,696.0
2011-12-13,908.0,6.0,366.0,0.0,0.0,1280.0
2011-12-14,1808.0,0.0,363.0,594.0,67.0,2832.0
2011-12-15,333.0,0.0,364.0,41.0,0.0,738.0
2011-12-16,1206.0,14.0,0.0,292.0,0.0,1512.0
2011-12-17,501.0,0.0,0.0,401.0,0.0,902.0
2011-12-20,173.0,0.0,0.0,0.0,0.0,173.0
2011-12-21,1727.0,0.0,0.0,218.0,0.0,1945.0
2011-12-22,786.0,0.0,0.0,651.0,0.0,1437.0
2011-12-28,19.0,0.0,0.0,0.0,0.0,19.0
2011-12-29,1001.0,0.0,0.0,0.0,0.0,1001.0
2011-12-30,1779.0,0.0,1948.0,1289.0,38.0,5054.0
2011-12-31,-4766.0,530.0,-10578.0,-5912.0,-1474.0,-22200.0
2012-01-01,11.0,0.0,0.0,0.0,0.0,11.0
2012-01-04,0.0,0.0,170.0,0.0,0.0,170.0
2012-01-05,737.0,55.0,0.0,22.0,0.0,814.0
2012-01-06,1757.0,12.0,484.0,0.0,0.0,2253.0
2012-01-09,1434.0,4.0,1707.0,83.0,0.0,3228.0
2012-01-10,304.0,34.0,596.0,0.0,234.0,1168.0
2012-01-11,1438.0,0.0,694.0,0.0,0.0,2132.0
2012-01-12,678.0,175.0,0.0,0.0,0.0,853.0
2012-01-13,1030.0,0.0,0.0,76.0,0.0,1106.0
2012-01-15,143.0,0.0,0.0,0.0,0.0,143.0
2012-01-16,605.0,0.0,0.0,0.0,0.0,605.0
2012-01-17,516.0,0.0,310.0,0.0,150.0,976.0
2012-01-18,0.0,75.0,0.0,0.0,0.0,75.0
2012-01-19,858.0,0.0,0.0,496.0,0.0,1354.0
2012-01-20,1005.0,129.0,1225.0,205.0,0.0,2564.0
2012-01-21,473.0,0.0,0.0,45.0,0.0,518.0
2012-01-23,384.0,9.0,738.0,0.0,284.0,1415.0
2012-01-24,862.0,9.0,472.0,0.0,0.0,1343.0
2012-01-25,486.0,0.0,0.0,0.0,0.0,486.0
2012-01-26,958.0,47.0,0.0,0.0,0.0,1005.0
2012-01-27,21.0,0.0,0.0,0.0,0.0,21.0
2012-01-30,708.0,19.0,0.0,0.0,0.0,727.0
2012-01-31,362.0,0.0,0.0,0.0,0.0,362.0
2012-02-01,1054.0,299.0,0.0,0.0,0.0,1353.0
2012-02-02,0.0,0.0,0.0,1245.0,335.0,1580.0
2012-02-03,90.0,0.0,0.0,0.0,0.0,90.0
2012-02-04,1815.0,0.0,642.0,0.0,0.0,2457.0
2012-02-05,68.0,0.0,0.0,135.0,205.0,408.0
2012-02-06,6.0,0.0,0.0,0.0,0.0,6.0
2012-02-07,976.0,0.0,2397.0,0.0,0.0,3373.0
2012-02-08,394.0,0.0,182.0,182.0,0.0,758.0
2012-02-09,147.0,65.0,521.0,270.0,0.0,1003.0
2012-02-10,2602.0,86.0,363.0,175.0,0.0,3226.0
2012-02-13,42.0,0.0,0.0,0.0,0.0,42.0
2012-02-14,860.0,0.0,701.0,0.0,0.0,1561.0
2012-02-15,301.0,0.0,0.0,0.0,0.0,301.0
2012-02-17,1665.0,14.0,1087.0,196.0,172.0,3134.0
2012-02-18,253.0,0.0,0.0,0.0,0.0,253.0
2012-02-21,1068.0,0.0,416.0,0.0,0.0,1484.0
2012-02-22,724.0,11.0,0.0,0.0,80.0,815.0
2012-02-23,75.0,0.0,0.0,0.0,0.0,75.0
2012-02-24,1122.0,150.0,0.0,164.0,73.0,1509.0
2012-02-25,496.0,0.0,0.0,0.0,0.0,496.0
2012-02-26,8.0,32.0,0.0,0.0,0.0,40.0
2012-02-27,45.0,0.0,0.0,0.0,0.0,45.0
2012-02-28,515.0,0.0,65.0,0.0,166.0,746.0
2012-02-29,557.0,0.0,513.0,0.0,0.0,1070.0
2012-03-01,430.0,0.0,993.0,0.0,0.0,1423.0
2012-03-02,181.0,0.0,0.0,0.0,0.0,181.0
2012-03-03,717.0,3.0,503.0,0.0,0.0,1223.0
2012-03-04,322.0,29.0,0.0,0.0,0.0,351.0
2012-03-05,3.0,11.0,0.0,0.0,0.0,14.0
2012-03-06,1662.0,0.0,1414.0,0.0,0.0,3076.0
2012-03-07,480.0,0.0,1329.0,0.0,0.0,1809.0
2012-03-08,431.0,0.0,194.0,0.0,0.0,625.0
2012-03-09,772.0,113.0,1170.0,0.0,0.0,2055.0
2012-03-10,1808.0,0.0,1290.0,0.0,0.0,3098.0
2012-03-13,24.0,6.0,0.0,0.0,0.0,30.0
2012-03-14,492.0,0.0,0.0,0.0,0.0,492.0
2012-03-15,1186.0,0.0,1064.0,441.0,409.0,3100.0
2012-03-16,1493.0,30.0,473.0,726.0,45.0,2767.0
2012-03-18,77.0,0.0,-43.0,0.0,0.0,34.0
2012-03-21,1327.0,0.0,2456.0,182.0,216.0,4181.0
2012-03-22,0.0,0.0,1873.0,0.0,0.0,1873.0
2012-03-23,2611.0,0.0,0.0,326.0,210.0,3147.0
2012-03-26,1283.0,19.0,0.0,153.0,338.0,1793.0
2012-03-28,91.0,0.0,0.0,0.0,0.0,91.0
2012-03-29,923.0,11.0,1995.0,0.0,341.0,3270.0
2012-03-30,112.0,38.0,415.0,0.0,0.0,565.0
2012-03-31,0.0,13.0,0.0,0.0,0.0,13.0
2012-04-01,67.0,17.0,0.0,50.0,0.0,134.0
2012-04-02,364.0,0.0,0.0,0.0,0.0,364.0
2012-04-03,2784.0,9.0,476.0,384.0,0.0,3653.0
2012-04-04,0.0,3.0,0.0,0.0,0.0,3.0
2012-04-05,1634.0,0.0,1530.0,322.0,0.0,3486.0
2012-04-07,160.0,0.0,0.0,0.0,0.0,160.0
2012-04-10,1604.0,0.0,363.0,182.0,140.0,2289.0
2012-04-11,506.0,70.0,946.0,0.0,0.0,1522.0
2012-04-12,449.0,0.0,515.0,0.0,0.0,964.0
2012-04-13,480.0,0.0,0.0,0.0,0.0,480.0
2012-04-14,487.0,18.0,0.0,0.0,0.0,505.0
2012-04-15,94.0,34.0,0.0,285.0,338.0,751.0
2012-04-17,971.0,0.0,0.0,0.0,0.0,971.0
2012-04-18,563.0,0.0,0.0,0.0,234.0,797.0
2012-04-19,564.0,0.0,158.0,0.0,0.0,722.0
2012-04-20,835.0,0.0,0.0,0.0,0.0,835.0
2012-04-21,305.0,0.0,0.0,0.0,0.0,305.0
2012-04-22,9.0,0.0,0.0,0.0,0.0,9.0
2012-04-23,0.0,0.0,182.0,0.0,172.0,354.0
2012-04-24,1010.0,0.0,1523.0,0.0,0.0,2533.0
2012-04-25,491.0,0.0,394.0,0.0,0.0,885.0
2012-04-26,448.0,0.0,1695.0,0.0,39.0,2182.0
2012-04-27,753.0,0.0,0.0,0.0,0.0,753.0
2012-04-28,176.0,0.0,0.0,0.0,0.0,176.0
2012-04-29,427.0,6.0,0.0,0.0,0.0,433.0
2012-05-01,1304.0,0.0,725.0,0.0,0.0,2029.0
2012-05-02,2098.0,45.0,2820.0,652.0,0.0,5615.0
2012-05-03,1273.0,0.0,467.0,0.0,0.0,1740.0
2012-05-04,645.0,11.0,387.0,0.0,0.0,1043.0
2012-05-05,225.0,0.0,0.0,0.0,0.0,225.0
2012-05-06,5.0,0.0,0.0,0.0,369.0,374.0
2012-05-08,690.0,0.0,3254.0,0.0,0.0,3944.0
2012-05-09,265.0,0.0,0.0,0.0,0.0,265.0
2012-05-10,1895.0,0.0,906.0,0.0,302.0,3103.0
2012-05-11,920.0,141.0,598.0,160.0,0.0,1819.0
2012-05-12,874.0,8.0,0.0,0.0,266.0,1148.0
2012-05-13,84.0,0.0,0.0,69.0,0.0,153.0
2012-05-14,85.0,725.0,4082.0,321.0,62.0,5275.0
2012-05-15,1939.0,11.0,0.0,182.0,249.0,2381.0
2012-05-16,863.0,18.0,450.0,69.0,0.0,1400.0
2012-05-17,1238.0,30.0,511.0,0.0,0.0,1779.0
2012-05-18,738.0,10.0,0.0,0.0,0.0,748.0
2012-05-19,815.0,0.0,0.0,0.0,0.0,815.0
2012-05-22,885.0,0.0,590.0,0.0,0.0,1475.0
2012-05-23,58.0,3.0,0.0,0.0,0.0,61.0
2012-05-24,756.0,0.0,625.0,168.0,172.0,1721.0
2012-05-25,37.0,0.0,0.0,0.0,0.0,37.0
2012-05-26,51.0,31.0,0.0,0.0,0.0,82.0
2012-05-28,2121.0,7.0,428.0,177.0,402.0,3135.0
2012-05-29,568.0,0.0,0.0,0.0,0.0,568.0
2012-05-30,356.0,0.0,1247.0,0.0,209.0,1812.0
2012-05-31,929.0,90.0,1633.0,487.0,105.0,3244.0
2012-06-01,642.0,7.0,546.0,213.0,0.0,1408.0
2012-06-02,15.0,9.0,0.0,0.0,0.0,24.0
2012-06-04,1389.0,0.0,0.0,0.0,0.0,1389.0
2012-06-05,1291.0,0.0,1144.0,0.0,229.0,2664.0
2012-06-09,3932.0,0.0,2404.0,406.0,90.0,6832.0
2012-06-12,3875.0,93.0,3703.0,361.0,-40.0,7992.0
2012-06-13,22.0,0.0,363.0,0.0,0.0,385.0
2012-06-14,1825.0,46.0,218.0,71.0,172.0,2332.0
2012-06-15,0.0,0.0,173.0,0.0,0.0,173.0
2012-06-19,0.0,197.0,0.0,0.0,0.0,197.0
2012-06-20,93.0,9.0,715.0,0.0,0.0,817.0
2012-06-21,0.0,7.0,0.0,0.0,0.0,7.0
2012-06-22,0.0,8.0,0.0,0.0,0.0,8.0
2012-06-23,3071.0,15.0,6637.0,667.0,586.0,10976.0
2012-06-24,33.0,33.0,0.0,0.0,0.0,66.0
2012-06-26,25.0,82.0,-124.0,0.0,0.0,-17.0
2012-06-27,2045.0,29.0,1491.0,136.0,489.0,4190.0
2012-06-28,582.0,13.0,3072.0,182.0,0.0,3849.0
2012-06-29,1860.0,0.0,0.0,0.0,360.0,2220.0
2012-06-30,569.0,9.0,242.0,0.0,0.0,820.0
2012-07-01,0.0,3.0,0.0,0.0,0.0,3.0
2012-07-03,1743.0,0.0,1441.0,0.0,0.0,3184.0
2012-07-04,1868.0,0.0,0.0,0.0,0.0,1868.0
2012-07-05,127.0,0.0,0.0,0.0,279.0,406.0
2012-07-06,1129.0,42.0,0.0,554.0,80.0,1805.0
2012-07-07,203.0,0.0,0.0,0.0,0.0,203.0
2012-07-09,112.0,0.0,0.0,0.0,0.0,112.0
2012-07-10,238.0,0.0,0.0,0.0,0.0,238.0
2012-07-11,84.0,241.0,0.0,0.0,0.0,325.0
2012-07-12,1781.0,0.0,1307.0,0.0,395.0,3483.0
2012-07-13,1162.0,0.0,363.0,0.0,0.0,1525.0
2012-07-14,249.0,0.0,302.0,0.0,0.0,551.0
2012-07-17,1444.0,0.0,836.0,0.0,282.0,2562.0
2012-07-18,-56.0,0.0,0.0,0.0,0.0,-56.0
2012-07-19,18.0,0.0,521.0,658.0,117.0,1314.0
2012-07-20,0.0,0.0,-39.0,0.0,0.0,-39.0
2012-07-21,2834.0,0.0,450.0,0.0,0.0,3284.0
2012-07-24,630.0,0.0,0.0,0.0,353.0,983.0
2012-07-25,1159.0,0.0,2316.0,138.0,0.0,3613.0
2012-07-26,380.0,0.0,387.0,0.0,0.0,767.0
2012-07-27,1348.0,0.0,0.0,0.0,0.0,1348.0
2012-07-28,797.0,672.0,0.0,136.0,70.0,1675.0
2012-07-29,405.0,0.0,0.0,0.0,0.0,405.0
2012-07-31,58.0,0.0,1871.0,182.0,373.0,2484.0
2012-08-01,497.0,0.0,0.0,0.0,0.0,497.0
2012-08-02,1612.0,22.0,404.0,809.0,217.0,3064.0
2012-08-03,2160.0,0.0,1319.0,84.0,0.0,3563.0
2012-08-05,606.0,0.0,0.0,0.0,0.0,606.0
2012-08-09,1196.0,0.0,2046.0,558.0,0.0,3800.0
2012-08-10,472.0,15.0,0.0,0.0,0.0,487.0
2012-08-14,1505.0,0.0,330.0,0.0,450.0,2285.0
2012-08-17,2010.0,90.0,376.0,0.0,80.0,2556.0
2012-08-21,1466.0,0.0,750.0,0.0,0.0,2216.0
2012-08-22,2058.0,0.0,2612.0,637.0,0.0,5307.0
2012-08-23,131.0,0.0,734.0,0.0,0.0,865.0
2012-08-25,1260.0,0.0,0.0,0.0,0.0,1260.0
2012-08-28,341.0,0.0,0.0,0.0,0.0,341.0
2012-08-29,1304.0,94.0,1439.0,26.0,234.0,3097.0
2012-08-30,1062.0,0.0,1282.0,228.0,413.0,2985.0
2012-08-31,449.0,0.0,816.0,0.0,0.0,1265.0
2012-09-01,1009.0,0.0,0.0,86.0,0.0,1095.0
2012-09-02,5.0,0.0,0.0,0.0,0.0,5.0
2012-09-04,2764.0,0.0,314.0,0.0,273.0,3351.0
2012-09-05,572.0,453.0,2393.0,0.0,0.0,3418.0
2012-09-06,1479.0,35.0,2420.0,0.0,442.0,4376.0
2012-09-07,1438.0,0.0,191.0,0.0,1162.0,2791.0
2012-09-09,192.0,28.0,0.0,44.0,0.0,264.0
2012-09-11,1131.0,15.0,0.0,98.0,373.0,1617.0
2012-09-12,1043.0,7.0,1220.0,182.0,0.0,2452.0
2012-09-13,124.0,10.0,0.0,0.0,0.0,134.0
2012-09-15,1255.0,276.0,459.0,445.0,0.0,2435.0
2012-09-16,521.0,0.0,0.0,0.0,0.0,521.0
2012-09-17,0.0,0.0,0.0,80.0,0.0,80.0
2012-09-19,1225.0,0.0,690.0,0.0,216.0,2131.0
2012-09-20,274.0,0.0,0.0,0.0,0.0,274.0
2012-09-21,504.0,0.0,1522.0,0.0,0.0,2026.0
2012-09-23,835.0,44.0,404.0,0.0,0.0,1283.0
2012-09-25,652.0,0.0,2018.0,0.0,256.0,2926.0
2012-09-26,891.0,0.0,416.0,0.0,0.0,1307.0
2012-09-27,0.0,22.0,0.0,0.0,0.0,22.0
2012-09-29,234.0,64.0,0.0,789.0,342.0,1429.0
2012-09-30,1342.0,136.0,606.0,0.0,0.0,2084.0
2012-10-01,282.0,51.0,0.0,0.0,0.0,333.0
2012-10-02,2066.0,0.0,0.0,121.0,216.0,2403.0
2012-10-03,-217.0,0.0,1019.0,0.0,0.0,802.0
2012-10-04,576.0,0.0,404.0,0.0,0.0,980.0
2012-10-05,2501.0,0.0,1306.0,141.0,254.0,4202.0
2012-10-09,524.0,0.0,0.0,0.0,0.0,524.0
2012-10-10,340.0,0.0,2533.0,0.0,0.0,2873.0
2012-10-12,1376.0,0.0,820.0,0.0,0.0,2196.0
2012-10-13,576.0,0.0,0.0,0.0,0.0,576.0
2012-10-15,351.0,0.0,0.0,0.0,0.0,351.0
2012-10-16,1585.0,0.0,361.0,126.0,0.0,2072.0
2012-10-17,412.0,11.0,0.0,42.0,0.0,465.0
2012-10-18,1109.0,0.0,2504.0,45.0,0.0,3658.0
2012-10-19,968.0,96.0,404.0,0.0,0.0,1468.0
2012-10-22,40.0,67.0,0.0,0.0,0.0,107.0
2012-10-23,1164.0,0.0,787.0,0.0,0.0,1951.0
2012-10-24,93.0,0.0,0.0,0.0,0.0,93.0
2012-10-25,7.0,0.0,0.0,62.0,0.0,69.0
2012-10-26,2469.0,30.0,1929.0,0.0,93.0,4521.0
2012-10-28,563.0,0.0,0.0,576.0,0.0,1139.0
2012-10-29,388.0,0.0,0.0,0.0,0.0,388.0
2012-10-30,0.0,0.0,0.0,71.0,0.0,71.0
2012-10-31,128.0,67.0,1585.0,0.0,313.0,2093.0
2012-11-01,1048.0,0.0,0.0,0.0,0.0,1048.0
2012-11-02,659.0,0.0,582.0,0.0,0.0,1241.0
2012-11-03,6.0,26.0,0.0,0.0,0.0,32.0
2012-11-06,1601.0,12.0,387.0,895.0,27.0,2922.0
2012-11-07,735.0,29.0,1844.0,198.0,100.0,2906.0
2012-11-08,1584.0,-48.0,404.0,0.0,0.0,1940.0
2012-11-09,0.0,0.0,689.0,0.0,0.0,689.0
2012-11-12,995.0,30.0,387.0,113.0,0.0,1525.0
2012-11-13,899.0,0.0,0.0,68.0,0.0,967.0
2012-11-14,31.0,7.0,0.0,0.0,0.0,38.0
2012-11-15,773.0,69.0,1500.0,581.0,353.0,3276.0
2012-11-16,1256.0,0.0,350.0,0.0,93.0,1699.0
2012-11-20,2465.0,0.0,0.0,0.0,0.0,2465.0
2012-11-21,479.0,0.0,2322.0,0.0,0.0,2801.0
2012-11-22,734.0,0.0,0.0,102.0,0.0,836.0
2012-11-23,858.0,0.0,0.0,0.0,0.0,858.0
2012-11-24,18.0,26.0,0.0,0.0,0.0,44.0
2012-11-26,7.0,11.0,-39.0,0.0,0.0,-21.0
2012-11-27,1755.0,32.0,618.0,65.0,158.0,2628.0
2012-11-29,531.0,0.0,946.0,0.0,353.0,1830.0
2012-11-30,741.0,167.0,1312.0,400.0,0.0,2620.0
2012-12-03,160.0,0.0,0.0,0.0,0.0,160.0
2012-12-04,1830.0,0.0,1271.0,0.0,0.0,3101.0
2012-12-05,2669.0,0.0,2669.0,0.0,0.0,5338.0
2012-12-07,1263.0,33.0,1638.0,299.0,0.0,3233.0
2012-12-11,501.0,0.0,833.0,404.0,93.0,1831.0
2012-12-12,757.0,5.0,1815.0,0.0,353.0,2930.0
2012-12-14,1327.0,48.0,254.0,80.0,0.0,1709.0
2012-12-17,171.0,4.0,0.0,0.0,0.0,175.0
2012-12-18,3639.0,0.0,928.0,736.0,0.0,5303.0
2012-12-19,933.0,24.0,3844.0,0.0,0.0,4801.0
2012-12-20,1606.0,96.0,1328.0,0.0,0.0,3030.0
2012-12-21,1545.0,38.0,1188.0,0.0,235.0,3006.0
2012-12-23,1364.0,0.0,618.0,0.0,0.0,1982.0
2012-12-27,1045.0,0.0,1529.0,0.0,0.0,2574.0
2012-12-28,1742.0,0.0,0.0,107.0,353.0,2202.0
2012-12-31,1680.0,91.0,2273.0,-1166.0,0.0,2878.0
2013-01-01,-53.0,0.0,-701.0,14.0,0.0,-740.0
2013-01-02,143.0,0.0,0.0,0.0,0.0,143.0
2013-01-03,1067.0,0.0,0.0,0.0,0.0,1067.0
2013-01-04,212.0,0.0,191.0,860.0,0.0,1263.0
2013-01-06,176.0,0.0,0.0,40.0,0.0,216.0
2013-01-07,179.0,0.0,0.0,0.0,0.0,179.0
2013-01-08,1356.0,0.0,1557.0,0.0,373.0,3286.0
2013-01-11,111.0,186.0,666.0,0.0,0.0,963.0
2013-01-12,1140.0,0.0,0.0,0.0,0.0,1140.0
2013-01-13,96.0,2.0,0.0,51.0,100.0,249.0
2013-01-14,143.0,0.0,0.0,0.0,0.0,143.0
2013-01-15,1300.0,69.0,1413.0,860.0,0.0,3642.0
2013-01-17,942.0,0.0,149.0,333.0,0.0,1424.0
2013-01-19,2681.0,41.0,2187.0,86.0,373.0,5368.0
2013-01-21,36.0,0.0,0.0,0.0,0.0,36.0
2013-01-22,84.0,0.0,0.0,0.0,0.0,84.0
2013-01-24,310.0,0.0,2334.0,240.0,0.0,2884.0
2013-01-25,24.0,3.0,0.0,0.0,0.0,27.0
2013-01-27,48.0,7.0,0.0,0.0,0.0,55.0
2013-01-28,2090.0,0.0,175.0,111.0,0.0,2376.0
2013-01-31,869.0,18.0,2042.0,569.0,0.0,3498.0
2013-02-01,426.0,15.0,0.0,0.0,0.0,441.0
2013-02-02,-329.0,0.0,0.0,0.0,0.0,-329.0
2013-02-04,2355.0,0.0,0.0,150.0,0.0,2505.0
2013-02-05,255.0,0.0,0.0,0.0,0.0,255.0
2013-02-06,120.0,0.0,1820.0,0.0,0.0,1940.0
2013-02-08,15.0,14.0,0.0,0.0,0.0,29.0
2013-02-11,30.0,0.0,0.0,0.0,0.0,30.0
2013-02-12,2965.0,0.0,4513.0,745.0,108.0,8331.0
2013-02-14,1972.0,0.0,340.0,323.0,0.0,2635.0
2013-02-15,910.0,0.0,0.0,0.0,0.0,910.0
2013-02-16,0.0,0.0,0.0,74.0,0.0,74.0
2013-02-17,20.0,0.0,0.0,30.0,0.0,50.0
2013-02-19,1107.0,0.0,339.0,363.0,0.0,1809.0
2013-02-21,1499.0,47.0,1088.0,0.0,0.0,2634.0
2013-02-23,225.0,0.0,0.0,62.0,106.0,393.0
2013-02-25,2829.0,0.0,742.0,0.0,80.0,3651.0
2013-02-27,84.0,33.0,612.0,0.0,0.0,729.0
2013-02-28,220.0,0.0,370.0,150.0,0.0,740.0
2013-03-03,2099.0,0.0,391.0,0.0,0.0,2490.0
2013-03-04,1243.0,0.0,0.0,0.0,0.0,1243.0
2013-03-05,470.0,0.0,0.0,414.0,138.0,1022.0
2013-03-06,0.0,5.0,0.0,0.0,0.0,5.0
2013-03-07,290.0,0.0,1214.0,0.0,0.0,1504.0
2013-03-08,625.0,12.0,0.0,0.0,0.0,637.0
2013-03-15,4608.0,197.0,4088.0,0.0,302.0,9195.0
2013-03-18,1512.0,41.0,2274.0,66.0,324.0,4217.0
2013-03-20,27.0,22.0,0.0,0.0,0.0,49.0
2013-03-21,218.0,0.0,0.0,0.0,0.0,218.0
2013-03-23,0.0,0.0,1976.0,0.0,0.0,1976.0
2013-03-26,3322.0,0.0,4202.0,247.0,0.0,7771.0
2013-03-27,436.0,0.0,510.0,0.0,218.0,1164.0
2013-03-28,901.0,3.0,0.0,0.0,0.0,904.0
2013-03-29,1644.0,0.0,0.0,0.0,0.0,1644.0
2013-03-31,357.0,6.0,0.0,68.0,0.0,431.0
2013-04-02,8.0,0.0,0.0,0.0,0.0,8.0
2013-04-03,393.0,0.0,0.0,109.0,0.0,502.0
2013-04-04,6.0,0.0,0.0,0.0,0.0,6.0
2013-04-05,1840.0,0.0,-42.0,0.0,0.0,1798.0
2013-04-07,0.0,0.0,0.0,106.0,0.0,106.0
2013-04-09,3449.0,0.0,2084.0,197.0,395.0,6125.0
2013-04-11,311.0,0.0,869.0,0.0,0.0,1180.0
2013-04-16,3152.0,29.0,1169.0,347.0,24.0,4721.0
2013-04-18,702.0,0.0,1206.0,444.0,0.0,2352.0
2013-04-19,430.0,0.0,0.0,0.0,93.0,523.0
2013-04-23,3065.0,60.0,2573.0,206.0,217.0,6121.0
2013-04-25,210.0,0.0,0.0,0.0,0.0,210.0
2013-04-26,743.0,6.0,1043.0,0.0,0.0,1792.0
2013-04-30,2297.0,17.0,1120.0,204.0,494.0,4132.0
2013-05-02,1112.0,6.0,754.0,50.0,230.0,2152.0
2013-05-03,3701.0,202.0,3242.0,92.0,237.0,7474.0
2013-05-05,0.0,0.0,0.0,14.0,0.0,14.0
2013-05-07,2403.0,0.0,472.0,87.0,0.0,2962.0
2013-05-09,0.0,0.0,0.0,0.0,177.0,177.0
2013-05-13,15.0,0.0,0.0,0.0,0.0,15.0
2013-05-14,4101.0,6.0,5525.0,323.0,194.0,10149.0
2013-05-15,657.0,0.0,2416.0,0.0,374.0,3447.0
2013-05-16,282.0,0.0,4461.0,1476.0,0.0,6219.0
2013-05-21,2024.0,0.0,3376.0,0.0,0.0,5400.0
2013-05-22,1155.0,0.0,0.0,0.0,374.0,1529.0
2013-05-23,1145.0,0.0,1010.0,195.0,0.0,2350.0
2013-05-24,0.0,24.0,0.0,0.0,0.0,24.0
2013-05-26,158.0,0.0,0.0,8.0,94.0,260.0
2013-05-28,2416.0,22.0,0.0,0.0,93.0,2531.0
2013-05-29,765.0,0.0,331.0,0.0,0.0,1096.0
2013-05-30,2002.0,34.0,1369.0,234.0,98.0,3737.0
2013-05-31,269.0,0.0,0.0,0.0,0.0,269.0
2013-06-01,2762.0,0.0,0.0,0.0,0.0,2762.0
2013-06-03,70.0,0.0,0.0,60.0,0.0,130.0
2013-06-05,1240.0,0.0,0.0,0.0,197.0,1437.0
2013-06-06,354.0,0.0,364.0,0.0,0.0,718.0
2013-06-07,377.0,202.0,1028.0,0.0,0.0,1607.0
2013-06-10,0.0,60.0,0.0,74.0,0.0,134.0
2013-06-11,3127.0,20.0,1055.0,50.0,0.0,4252.0
2013-06-12,624.0,0.0,981.0,0.0,649.0,2254.0
2013-06-13,1069.0,12.0,938.0,0.0,0.0,2019.0
2013-06-14,1222.0,0.0,1814.0,529.0,0.0,3565.0
2013-06-16,182.0,14.0,0.0,118.0,0.0,314.0
2013-06-18,2899.0,22.0,0.0,0.0,0.0,2921.0
2013-06-19,802.0,0.0,404.0,0.0,0.0,1206.0
2013-06-20,458.0,0.0,0.0,0.0,93.0,551.0
2013-06-21,1049.0,0.0,0.0,0.0,0.0,1049.0
2013-06-22,0.0,12.0,0.0,196.0,0.0,208.0
2013-06-24,1936.0,0.0,787.0,222.0,93.0,3038.0
2013-06-25,2366.0,49.0,0.0,148.0,140.0,2703.0
2013-06-26,999.0,77.0,0.0,352.0,334.0,1762.0
2013-06-27,462.0,0.0,813.0,0.0,0.0,1275.0
2013-06-28,-152.0,0.0,0.0,306.0,0.0,154.0
2013-06-30,2487.0,0.0,743.0,0.0,374.0,3604.0
2013-07-02,26.0,0.0,0.0,0.0,0.0,26.0
2013-07-04,1875.0,56.0,0.0,320.0,224.0,2475.0
2013-07-07,79.0,0.0,0.0,0.0,0.0,79.0
2013-07-08,3757.0,0.0,1535.0,0.0,0.0,5292.0
2013-07-09,38.0,0.0,0.0,0.0,0.0,38.0
2013-07-10,52.0,0.0,0.0,73.0,0.0,125.0
2013-07-11,527.0,0.0,906.0,0.0,354.0,1787.0
2013-07-12,0.0,0.0,0.0,0.0,113.0,113.0
2013-07-16,112.0,0.0,0.0,0.0,0.0,112.0
2013-07-19,254.0,0.0,0.0,0.0,0.0,254.0
2013-07-20,156.0,0.0,0.0,44.0,0.0,200.0
2013-07-22,7227.0,11.0,3779.0,87.0,540.0,11644.0
2013-07-23,33.0,0.0,0.0,0.0,0.0,33.0
2013-07-24,2075.0,34.0,743.0,176.0,491.0,3519.0
2013-07-25,383.0,82.0,1780.0,0.0,0.0,2245.0
2013-07-27,301.0,0.0,0.0,0.0,0.0,301.0
2013-07-29,837.0,0.0,0.0,0.0,0.0,837.0
2013-07-30,279.0,0.0,0.0,792.0,487.0,1558.0
2013-07-31,3665.0,0.0,0.0,0.0,0.0,3665.0
2013-08-01,0.0,0.0,162.0,368.0,0.0,530.0
2013-08-06,2916.0,0.0,2579.0,0.0,200.0,5695.0
2013-08-07,819.0,0.0,543.0,0.0,332.0,1694.0
2013-08-08,1257.0,0.0,754.0,0.0,0.0,2011.0
2013-08-09,373.0,212.0,1232.0,0.0,0.0,1817.0
2013-08-14,780.0,14.0,0.0,264.0,140.0,1198.0
2013-08-16,194.0,0.0,0.0,0.0,0.0,194.0
2013-08-19,7056.0,0.0,572.0,0.0,354.0,7982.0
2013-08-20,815.0,0.0,0.0,0.0,0.0,815.0
2013-08-21,1441.0,72.0,901.0,1292.0,592.0,4298.0
2013-08-22,637.0,0.0,2294.0,0.0,0.0,2931.0
2013-08-29,267.0,0.0,0.0,0.0,0.0,267.0
2013-08-30,6290.0,0.0,2241.0,0.0,0.0,8531.0
2013-09-03,0.0,0.0,1263.0,0.0,0.0,1263.0
2013-09-04,2658.0,54.0,2757.0,184.0,465.0,6118.0
2013-09-10,3855.0,56.0,2008.0,0.0,0.0,5919.0
2013-09-12,1734.0,24.0,1070.0,60.0,355.0,3243.0
2013-09-17,3877.0,9.0,1881.0,0.0,0.0,5767.0
2013-09-18,1205.0,0.0,1010.0,0.0,355.0,2570.0
2013-09-20,669.0,0.0,1542.0,218.0,0.0,2429.0
2013-09-24,3368.0,0.0,607.0,989.0,187.0,5151.0
2013-09-26,1201.0,0.0,1749.0,0.0,372.0,3322.0
2013-09-29,2005.0,0.0,387.0,0.0,0.0,2392.0
2013-09-30,665.0,71.0,0.0,66.0,93.0,895.0
2013-10-03,1436.0,0.0,2064.0,186.0,375.0,4061.0
2013-10-07,2341.0,0.0,1594.0,0.0,0.0,3935.0
2013-10-08,1417.0,22.0,717.0,0.0,0.0,2156.0
2013-10-09,278.0,0.0,0.0,0.0,0.0,278.0
2013-10-10,769.0,250.0,2720.0,0.0,395.0,4134.0
2013-10-15,5207.0,0.0,836.0,0.0,82.0,6125.0
2013-10-16,0.0,8.0,0.0,0.0,0.0,8.0
2013-10-17,707.0,0.0,1242.0,296.0,0.0,2245.0
2013-10-21,0.0,0.0,1143.0,0.0,0.0,1143.0
2013-10-22,4161.0,0.0,0.0,336.0,0.0,4497.0
2013-10-23,-149.0,0.0,0.0,0.0,0.0,-149.0
2013-10-24,791.0,0.0,1090.0,28.0,0.0,1909.0
2013-10-25,725.0,0.0,0.0,71.0,140.0,936.0
2013-10-26,50.0,9.0,0.0,41.0,0.0,100.0
2013-10-28,3139.0,37.0,268.0,0.0,0.0,3444.0
2013-10-29,593.0,8.0,0.0,0.0,0.0,601.0
2013-10-30,168.0,0.0,0.0,0.0,273.0,441.0
2013-10-31,464.0,0.0,2266.0,0.0,0.0,2730.0
2013-11-01,2565.0,0.0,387.0,0.0,100.0,3052.0
2013-11-05,1003.0,0.0,0.0,0.0,0.0,1003.0
2013-11-07,1234.0,48.0,1609.0,426.0,0.0,3317.0
2013-11-08,0.0,0.0,2876.0,0.0,0.0,2876.0
2013-11-09,1874.0,0.0,290.0,0.0,0.0,2164.0
2013-11-12,1173.0,0.0,0.0,0.0,0.0,1173.0
2013-11-13,549.0,0.0,495.0,0.0,217.0,1261.0
2013-11-14,176.0,0.0,339.0,0.0,0.0,515.0
2013-11-15,0.0,0.0,-81.0,0.0,0.0,-81.0
2013-11-18,2642.0,0.0,503.0,8.0,0.0,3153.0
2013-11-19,1064.0,0.0,0.0,0.0,0.0,1064.0
2013-11-20,370.0,0.0,1766.0,0.0,0.0,2136.0
2013-11-21,627.0,0.0,2068.0,120.0,0.0,2815.0
2013-11-22,0.0,0.0,-124.0,0.0,0.0,-124.0
2013-11-25,3377.0,154.0,0.0,72.0,0.0,3603.0
2013-11-26,522.0,0.0,0.0,0.0,0.0,522.0
2013-11-28,4800.0,13.0,2082.0,625.0,237.0,7757.0
2013-11-30,368.0,11.0,0.0,80.0,0.0,459.0
2013-12-01,56.0,0.0,0.0,0.0,0.0,56.0
2013-12-03,571.0,0.0,169.0,0.0,0.0,740.0
2013-12-04,472.0,0.0,0.0,22.0,390.0,884.0
2013-12-05,716.0,0.0,3280.0,68.0,0.0,4064.0
2013-12-06,664.0,0.0,751.0,0.0,0.0,1415.0
2013-12-07,1187.0,20.0,1390.0,0.0,0.0,2597.0
2013-12-09,1116.0,0.0,0.0,0.0,0.0,1116.0
2013-12-10,2402.0,0.0,0.0,358.0,0.0,2760.0
2013-12-11,298.0,0.0,846.0,0.0,0.0,1144.0
2013-12-12,616.0,0.0,1552.0,196.0,0.0,2364.0
2013-12-13,267.0,0.0,593.0,0.0,-292.0,568.0
2013-12-16,1741.0,0.0,436.0,0.0,0.0,2177.0
2013-12-17,989.0,0.0,0.0,0.0,0.0,989.0
2013-12-18,94.0,0.0,856.0,0.0,0.0,950.0
2013-12-19,1202.0,154.0,3513.0,0.0,0.0,4869.0
2013-12-27,7963.0,46.0,2657.0,2.0,326.0,10994.0
2013-12-29,20.0,0.0,0.0,0.0,0.0,20.0
2013-12-30,0.0,0.0,0.0,808.0,0.0,808.0
2013-12-31,-2209.0,0.0,0.0,-131.0,0.0,-2340.0
2014-01-01,-164.0,0.0,0.0,0.0,0.0,-164.0
2014-01-02,147.0,0.0,0.0,0.0,0.0,147.0
2014-01-03,715.0,0.0,0.0,0.0,0.0,715.0
2014-01-06,461.0,0.0,0.0,0.0,0.0,461.0
2014-01-07,272.0,0.0,0.0,118.0,0.0,390.0
2014-01-08,1770.0,0.0,0.0,0.0,256.0,2026.0
2014-01-09,99.0,0.0,2172.0,0.0,0.0,2271.0
2014-01-13,1925.0,0.0,0.0,-54.0,0.0,1871.0
2014-01-15,1131.0,0.0,1112.0,0.0,0.0,2243.0
2014-01-16,0.0,0.0,254.0,0.0,93.0,347.0
2014-01-17,624.0,0.0,299.0,0.0,0.0,923.0
2014-01-20,2139.0,0.0,581.0,0.0,0.0,2720.0
2014-01-21,886.0,0.0,0.0,0.0,0.0,886.0
2014-01-23,0.0,0.0,768.0,0.0,0.0,768.0
2014-01-24,1315.0,0.0,0.0,0.0,0.0,1315.0
2014-01-27,2191.0,102.0,194.0,82.0,0.0,2569.0
2014-01-29,12.0,0.0,0.0,0.0,0.0,12.0
2014-01-30,2254.0,0.0,1861.0,325.0,0.0,4440.0
2014-02-02,499.0,0.0,0.0,0.0,0.0,499.0
2014-02-04,1908.0,0.0,1663.0,0.0,238.0,3809.0
2014-02-05,433.0,0.0,0.0,0.0,218.0,651.0
2014-02-06,74.0,8.0,0.0,0.0,0.0,82.0
2014-02-10,2437.0,9.0,278.0,0.0,0.0,2724.0
2014-02-13,1659.0,0.0,1042.0,0.0,258.0,2959.0
2014-02-14,18.0,0.0,0.0,0.0,0.0,18.0
2014-02-18,4060.0,0.0,1003.0,0.0,0.0,5063.0
2014-02-19,0.0,0.0,339.0,0.0,0.0,339.0
2014-02-20,1493.0,0.0,2069.0,0.0,140.0,3702.0
2014-02-24,2841.0,96.0,1064.0,218.0,0.0,4219.0
2014-02-25,0.0,0.0,0.0,513.0,218.0,731.0
2014-02-27,79.0,0.0,1841.0,0.0,0.0,1920.0
2014-02-28,1440.0,20.0,0.0,142.0,0.0,1602.0
2014-03-06,4839.0,0.0,240.0,427.0,256.0,5762.0
2014-03-11,86.0,0.0,0.0,0.0,0.0,86.0
2014-03-12,161.0,0.0,197.0,10.0,0.0,368.0
2014-03-14,872.0,0.0,0.0,0.0,0.0,872.0
2014-03-18,2250.0,0.0,1464.0,0.0,0.0,3714.0
2014-03-19,455.0,0.0,1620.0,0.0,238.0,2313.0
2014-03-20,1016.0,0.0,0.0,0.0,0.0,1016.0
2014-03-21,339.0,0.0,0.0,0.0,0.0,339.0
2014-03-24,125.0,0.0,1055.0,74.0,0.0,1254.0
2014-03-25,2396.0,0.0,364.0,0.0,0.0,2760.0
2014-03-26,154.0,0.0,2021.0,0.0,0.0,2175.0
2014-03-27,68.0,0.0,0.0,0.0,0.0,68.0
2014-03-28,0.0,0.0,0.0,0.0,93.0,93.0
2014-03-31,1862.0,0.0,255.0,508.0,0.0,2625.0
2014-04-02,2172.0,0.0,433.0,0.0,355.0,2960.0
2014-04-03,916.0,0.0,1590.0,43.0,0.0,2549.0
2014-04-04,573.0,0.0,976.0,0.0,0.0,1549.0
2014-04-08,2583.0,0.0,2508.0,581.0,0.0,5672.0
2014-04-09,224.0,0.0,0.0,0.0,0.0,224.0
2014-04-11,389.0,0.0,1860.0,0.0,0.0,2249.0
2014-04-12,72.0,0.0,0.0,46.0,0.0,118.0
2014-04-14,1873.0,0.0,242.0,0.0,0.0,2115.0
2014-04-15,1032.0,0.0,436.0,0.0,0.0,1468.0
2014-04-17,648.0,154.0,737.0,387.0,590.0,2516.0
2014-04-22,2722.0,0.0,0.0,0.0,0.0,2722.0
2014-04-25,1011.0,34.0,1936.0,519.0,239.0,3739.0
2014-04-26,1239.0,0.0,0.0,368.0,0.0,1607.0
2014-04-28,-114.0,0.0,0.0,0.0,0.0,-114.0
2014-04-29,1563.0,0.0,0.0,0.0,0.0,1563.0
2014-04-30,444.0,9.0,1260.0,60.0,0.0,1773.0
2014-05-01,210.0,0.0,0.0,0.0,0.0,210.0
2014-05-02,1013.0,0.0,637.0,0.0,0.0,1650.0
2014-05-03,5.0,0.0,0.0,0.0,0.0,5.0
2014-05-06,2674.0,0.0,0.0,0.0,0.0,2674.0
2014-05-08,1315.0,0.0,1386.0,0.0,477.0,3178.0
2014-05-12,3519.0,60.0,0.0,0.0,0.0,3579.0
2014-05-13,1964.0,0.0,0.0,0.0,0.0,1964.0
2014-05-14,531.0,0.0,435.0,0.0,239.0,1205.0
2014-05-15,550.0,0.0,1620.0,0.0,0.0,2170.0
2014-05-16,595.0,0.0,1476.0,0.0,160.0,2231.0
2014-05-20,1910.0,0.0,0.0,20.0,0.0,1930.0
2014-05-21,892.0,0.0,458.0,0.0,0.0,1350.0
2014-05-23,577.0,0.0,2553.0,0.0,0.0,3130.0
2014-05-26,4237.0,53.0,292.0,385.0,186.0,5153.0
2014-05-27,90.0,0.0,339.0,0.0,0.0,429.0
2014-05-28,1585.0,0.0,1549.0,257.0,357.0,3748.0
2014-05-29,764.0,0.0,230.0,751.0,0.0,1745.0
2014-05-30,3361.0,250.0,691.0,0.0,282.0,4584.0
2014-06-01,0.0,0.0,290.0,0.0,0.0,290.0
2014-06-03,822.0,0.0,0.0,0.0,0.0,822.0
2014-06-04,4912.0,0.0,2176.0,530.0,375.0,7993.0
2014-06-05,225.0,0.0,570.0,67.0,0.0,862.0
2014-06-06,1448.0,0.0,0.0,0.0,0.0,1448.0
2014-06-09,2592.0,0.0,712.0,0.0,17.0,3321.0
2014-06-10,0.0,5.0,0.0,0.0,0.0,5.0
2014-06-11,1674.0,0.0,0.0,0.0,0.0,1674.0
2014-06-12,0.0,0.0,2016.0,0.0,0.0,2016.0
2014-06-13,1386.0,0.0,292.0,40.0,0.0,1718.0
2014-06-14,0.0,0.0,0.0,30.0,0.0,30.0
2014-06-16,-343.0,0.0,0.0,0.0,0.0,-343.0
2014-06-17,2093.0,0.0,1724.0,0.0,357.0,4174.0
2014-06-18,626.0,0.0,0.0,0.0,0.0,626.0
2014-06-19,0.0,0.0,0.0,0.0,604.0,604.0
2014-06-20,1451.0,0.0,1192.0,78.0,0.0,2721.0
2014-06-23,2011.0,0.0,242.0,0.0,0.0,2253.0
2014-06-24,587.0,0.0,0.0,0.0,0.0,587.0
2014-06-26,785.0,0.0,238.0,70.0,0.0,1093.0
2014-06-27,1376.0,0.0,667.0,0.0,0.0,2043.0
2014-06-29,626.0,42.0,0.0,273.0,0.0,941.0
2014-06-30,1936.0,49.0,739.0,1181.0,417.0,4322.0
2014-07-03,210.0,12.0,0.0,0.0,0.0,222.0
2014-07-05,9034.0,0.0,3448.0,0.0,530.0,13012.0
2014-07-08,0.0,0.0,0.0,0.0,100.0,100.0
2014-07-10,0.0,0.0,0.0,381.0,0.0,381.0
2014-07-11,65.0,0.0,0.0,0.0,0.0,65.0
2014-07-17,1403.0,0.0,1002.0,47.0,317.0,2769.0
2014-07-18,824.0,0.0,2900.0,122.0,0.0,3846.0
2014-07-22,1614.0,0.0,274.0,137.0,0.0,2025.0
2014-07-23,1475.0,0.0,764.0,182.0,374.0,2795.0
2014-07-27,4042.0,0.0,5897.0,369.0,296.0,10604.0
2014-07-28,728.0,0.0,459.0,0.0,0.0,1187.0
2014-07-29,538.0,0.0,0.0,139.0,0.0,677.0
2014-07-30,0.0,0.0,0.0,164.0,0.0,164.0
2014-08-01,4381.0,0.0,570.0,0.0,0.0,4951.0
2014-08-04,0.0,0.0,164.0,117.0,0.0,281.0
2014-08-05,3058.0,0.0,-252.0,0.0,221.0,3027.0
2014-08-06,505.0,0.0,0.0,166.0,0.0,671.0
2014-08-07,997.0,202.0,1002.0,466.0,0.0,2667.0
2014-08-08,214.0,0.0,152.0,0.0,0.0,366.0
2014-08-19,3016.0,8.0,2935.0,298.0,510.0,6767.0
2014-08-20,1063.0,0.0,0.0,0.0,0.0,1063.0
2014-08-21,845.0,0.0,1786.0,194.0,100.0,2925.0
2014-08-22,493.0,0.0,164.0,0.0,0.0,657.0
2014-08-24,284.0,0.0,0.0,310.0,47.0,641.0
2014-08-27,7295.0,0.0,2820.0,338.0,457.0,10910.0
2014-08-31,406.0,0.0,0.0,0.0,180.0,586.0
2014-09-02,0.0,0.0,0.0,0.0,600.0,600.0
2014-09-03,2242.0,0.0,0.0,257.0,746.0,3245.0
2014-09-04,625.0,0.0,855.0,194.0,0.0,1674.0
2014-09-05,493.0,85.0,2000.0,0.0,0.0,2578.0
2014-09-08,3519.0,0.0,1112.0,0.0,88.0,4719.0
2014-09-09,422.0,0.0,1103.0,0.0,0.0,1525.0
2014-09-10,1673.0,0.0,-99.0,0.0,535.0,2109.0
2014-09-11,1006.0,68.0,0.0,0.0,0.0,1074.0
2014-09-12,1189.0,0.0,0.0,0.0,0.0,1189.0
2014-09-15,1624.0,0.0,1086.0,0.0,-339.0,2371.0
2014-09-17,545.0,0.0,570.0,182.0,357.0,1654.0
2014-09-20,108.0,13.0,0.0,72.0,0.0,193.0
2014-09-22,3579.0,202.0,1442.0,512.0,0.0,5735.0
2014-09-24,1791.0,0.0,310.0,0.0,515.0,2616.0
2014-09-25,244.0,0.0,0.0,57.0,0.0,301.0
2014-09-26,235.0,0.0,0.0,0.0,0.0,235.0
2014-09-29,2504.0,0.0,2246.0,387.0,0.0,5137.0
2014-09-30,-298.0,0.0,0.0,16.0,0.0,-282.0
2014-10-01,1000.0,0.0,2691.0,200.0,0.0,3891.0
2014-10-04,134.0,0.0,0.0,0.0,0.0,134.0
2014-10-06,3586.0,0.0,117.0,177.0,0.0,3880.0
2014-10-07,525.0,0.0,0.0,0.0,0.0,525.0
2014-10-08,418.0,0.0,0.0,0.0,317.0,735.0
2014-10-10,1473.0,0.0,-15.0,0.0,0.0,1458.0
2014-10-14,1540.0,0.0,657.0,0.0,0.0,2197.0
2014-10-16,619.0,0.0,292.0,18.0,256.0,1185.0
2014-10-17,753.0,0.0,-141.0,0.0,0.0,612.0
2014-10-21,2046.0,0.0,0.0,182.0,0.0,2228.0
2014-10-23,809.0,0.0,2156.0,0.0,0.0,2965.0
2014-10-27,2478.0,0.0,2631.0,0.0,0.0,5109.0
2014-10-29,1705.0,0.0,500.0,0.0,80.0,2285.0
2014-10-30,1466.0,91.0,2670.0,275.0,336.0,4838.0
2014-10-31,120.0,3.0,0.0,348.0,0.0,471.0
2014-11-01,258.0,0.0,510.0,0.0,93.0,861.0
2014-11-04,26.0,0.0,0.0,0.0,0.0,26.0
2014-11-05,1029.0,0.0,1295.0,290.0,376.0,2990.0
2014-11-06,1385.0,0.0,0.0,0.0,0.0,1385.0
2014-11-07,843.0,0.0,2064.0,0.0,0.0,2907.0
2014-11-10,1050.0,0.0,0.0,0.0,100.0,1150.0
2014-11-12,388.0,0.0,932.0,0.0,0.0,1320.0
2014-11-13,1554.0,0.0,1172.0,0.0,-250.0,2476.0
2014-11-17,3562.0,0.0,644.0,437.0,423.0,5066.0
2014-11-20,816.0,0.0,0.0,0.0,0.0,816.0
2014-11-24,1326.0,154.0,565.0,0.0,0.0,2045.0
2014-11-25,111.0,0.0,0.0,0.0,0.0,111.0
2014-11-26,1681.0,0.0,443.0,0.0,256.0,2380.0
2014-11-27,278.0,0.0,0.0,0.0,0.0,278.0
2014-11-28,1289.0,0.0,2140.0,387.0,0.0,3816.0
2014-11-30,46.0,0.0,0.0,0.0,0.0,46.0
2014-12-01,398.0,0.0,411.0,0.0,0.0,809.0
2014-12-02,1215.0,0.0,1931.0,273.0,356.0,3775.0
2014-12-03,2351.0,0.0,0.0,0.0,82.0,2433.0
2014-12-04,2484.0,0.0,3886.0,0.0,0.0,6370.0
2014-12-05,40.0,0.0,0.0,0.0,0.0,40.0
2014-12-08,0.0,0.0,-48.0,0.0,0.0,-48.0
2014-12-09,939.0,0.0,581.0,0.0,332.0,1852.0
2014-12-10,684.0,0.0,1913.0,0.0,0.0,2597.0
2014-12-11,137.0,0.0,0.0,0.0,0.0,137.0
2014-12-12,858.0,0.0,1200.0,131.0,0.0,2189.0
2014-12-15,2393.0,0.0,-20.0,289.0,0.0,2662.0
2014-12-16,1038.0,35.0,0.0,0.0,376.0,1449.0
2014-12-18,1302.0,0.0,1512.0,464.0,0.0,3278.0
2014-12-19,-51.0,0.0,0.0,0.0,0.0,-51.0
2014-12-22,4656.0,13.0,411.0,416.0,356.0,5852.0
2014-12-29,216.0,0.0,0.0,0.0,0.0,216.0
2014-12-30,867.0,0.0,0.0,80.0,0.0,947.0
2014-12-31,-18709.0,7.0,2271.0,-1903.0,1184.0,-17150.0
2015-01-01,756.0,0.0,0.0,0.0,0.0,756.0
2015-01-08,2143.0,0.0,0.0,0.0,0.0,2143.0
2015-01-13,3168.0,0.0,3577.0,67.0,0.0,6812.0
2015-01-15,-47.0,0.0,0.0,0.0,0.0,-47.0
2015-01-16,1233.0,0.0,912.0,0.0,0.0,2145.0
2015-01-17,1353.0,0.0,0.0,0.0,0.0,1353.0
2015-01-19,-39.0,0.0,0.0,0.0,0.0,-39.0
2015-01-20,1130.0,0.0,772.0,0.0,692.0,2594.0
2015-01-22,1461.0,3.0,1589.0,285.0,0.0,3338.0
2015-01-25,1299.0,0.0,0.0,0.0,100.0,1399.0
2015-01-26,0.0,0.0,0.0,0.0,10.0,10.0
2015-01-27,620.0,0.0,223.0,0.0,0.0,843.0
2015-01-28,98.0,0.0,0.0,194.0,0.0,292.0
2015-01-29,540.0,250.0,477.0,0.0,0.0,1267.0
2015-01-31,858.0,0.0,1252.0,0.0,0.0,2110.0
2015-02-01,46.0,6.0,0.0,39.0,0.0,91.0
2015-02-03,0.0,0.0,0.0,0.0,271.0,271.0
2015-02-05,5731.0,0.0,2045.0,364.0,0.0,8140.0
2015-02-12,410.0,0.0,460.0,0.0,0.0,870.0
2015-02-17,3120.0,0.0,2399.0,0.0,40.0,5559.0
2015-02-18,1119.0,0.0,530.0,0.0,0.0,1649.0
2015-02-19,1072.0,0.0,0.0,0.0,0.0,1072.0
2015-02-20,196.0,0.0,745.0,324.0,0.0,1265.0
2015-02-21,152.0,0.0,0.0,606.0,276.0,1034.0
2015-02-23,1535.0,0.0,1545.0,0.0,0.0,3080.0
2015-02-25,70.0,0.0,0.0,0.0,0.0,70.0
2015-02-27,1464.0,0.0,1830.0,388.0,0.0,3682.0
2015-02-28,381.0,6.0,0.0,102.0,0.0,489.0
2015-03-03,934.0,0.0,609.0,0.0,0.0,1543.0
2015-03-04,825.0,0.0,0.0,0.0,0.0,825.0
2015-03-06,989.0,0.0,0.0,0.0,416.0,1405.0
2015-03-09,820.0,0.0,953.0,0.0,0.0,1773.0
2015-03-10,1713.0,0.0,0.0,208.0,0.0,1921.0
2015-03-11,88.0,0.0,0.0,0.0,0.0,88.0
2015-03-13,1971.0,47.0,817.0,0.0,0.0,2835.0
2015-03-15,570.0,0.0,411.0,0.0,0.0,981.0
2015-03-24,0.0,0.0,0.0,0.0,271.0,271.0
2015-03-27,4947.0,0.0,1727.0,14.0,0.0,6688.0
2015-03-30,1278.0,0.0,1510.0,0.0,0.0,2788.0
2015-03-31,561.0,0.0,0.0,0.0,0.0,561.0
2015-04-01,10.0,0.0,0.0,0.0,0.0,10.0
2015-04-02,2869.0,0.0,1813.0,249.0,0.0,4931.0
2015-04-04,0.0,10.0,0.0,0.0,0.0,10.0
2015-04-07,544.0,0.0,-19.0,0.0,0.0,525.0
2015-04-08,806.0,0.0,291.0,0.0,562.0,1659.0
2015-04-10,0.0,0.0,0.0,69.0,0.0,69.0
2015-04-13,1650.0,10.0,0.0,0.0,0.0,1660.0
2015-04-14,501.0,0.0,0.0,91.0,0.0,592.0
2015-04-15,0.0,0.0,3295.0,194.0,0.0,3489.0
2015-04-16,108.0,0.0,0.0,0.0,0.0,108.0
2015-04-17,2807.0,46.0,204.0,68.0,0.0,3125.0
2015-04-21,721.0,0.0,1439.0,0.0,0.0,2160.0
2015-04-24,3027.0,154.0,3666.0,0.0,552.0,7399.0
2015-04-28,102.0,0.0,0.0,236.0,0.0,338.0
2015-04-29,643.0,0.0,0.0,0.0,0.0,643.0
2015-04-30,709.0,0.0,926.0,268.0,0.0,1903.0
2015-05-01,314.0,0.0,0.0,0.0,0.0,314.0
2015-05-04,2458.0,0.0,738.0,0.0,0.0,3196.0
2015-05-06,474.0,0.0,1900.0,0.0,0.0,2374.0
2015-05-08,2004.0,56.0,690.0,0.0,0.0,2750.0
2015-05-11,3921.0,0.0,1007.0,1219.0,0.0,6147.0
2015-05-13,1222.0,0.0,-50.0,-162.0,1742.0,2752.0
2015-05-15,1173.0,0.0,1712.0,0.0,0.0,2885.0
2015-05-19,2743.0,0.0,0.0,0.0,0.0,2743.0
2015-05-22,2995.0,0.0,1461.0,387.0,688.0,5531.0
2015-05-25,1645.0,0.0,2481.0,0.0,0.0,4126.0
2015-05-26,826.0,0.0,826.0,0.0,0.0,1652.0
2015-05-28,1775.0,0.0,2215.0,154.0,0.0,4144.0
2015-05-29,1035.0,0.0,1919.0,289.0,0.0,3243.0
2015-05-31,0.0,0.0,0.0,0.0,-20.0,-20.0
2015-06-01,668.0,0.0,0.0,288.0,0.0,956.0
2015-06-02,407.0,0.0,1630.0,0.0,0.0,2037.0
2015-06-03,45.0,0.0,0.0,0.0,0.0,45.0
2015-06-04,1382.0,0.0,897.0,0.0,271.0,2550.0
2015-06-08,2849.0,262.0,438.0,192.0,0.0,3741.0
2015-06-09,902.0,0.0,0.0,0.0,0.0,902.0
2015-06-11,1270.0,135.0,2808.0,369.0,0.0,4582.0
2015-06-15,2188.0,15.0,2511.0,0.0,0.0,4714.0
2015-06-16,1189.0,20.0,0.0,0.0,0.0,1209.0
2015-06-17,1595.0,0.0,1016.0,48.0,271.0,2930.0
2015-06-19,1757.0,0.0,2272.0,0.0,0.0,4029.0
2015-06-22,1030.0,0.0,1047.0,0.0,542.0,2619.0
2015-06-24,4596.0,19.0,2859.0,0.0,0.0,7474.0
2015-06-25,3606.0,0.0,1570.0,0.0,0.0,5176.0
2015-06-26,0.0,0.0,0.0,0.0,542.0,542.0
2015-06-29,0.0,0.0,0.0,35.0,0.0,35.0
2015-06-30,790.0,0.0,0.0,530.0,0.0,1320.0
2015-07-01,236.0,0.0,1556.0,0.0,0.0,1792.0
2015-07-07,231.0,0.0,0.0,0.0,358.0,589.0
2015-07-08,24.0,0.0,0.0,0.0,0.0,24.0
2015-07-10,8519.0,0.0,1164.0,491.0,200.0,10374.0
2015-07-12,0.0,0.0,0.0,0.0,180.0,180.0
2015-07-14,592.0,0.0,2035.0,0.0,0.0,2627.0
2015-07-15,97.0,0.0,1030.0,0.0,0.0,1127.0
2015-07-16,442.0,0.0,605.0,387.0,0.0,1434.0
2015-07-17,322.0,0.0,0.0,0.0,0.0,322.0
2015-07-20,2034.0,0.0,1079.0,0.0,0.0,3113.0
2015-07-21,499.0,0.0,0.0,0.0,0.0,499.0
2015-07-27,0.0,0.0,0.0,0.0,813.0,813.0
2015-07-28,6473.0,0.0,5580.0,682.0,0.0,12735.0
2015-07-29,318.0,0.0,0.0,14.0,0.0,332.0
2015-07-31,52.0,0.0,0.0,0.0,0.0,52.0
2015-08-04,891.0,0.0,728.0,0.0,0.0,1619.0
2015-08-05,74.0,0.0,0.0,0.0,0.0,74.0
2015-08-06,682.0,0.0,1990.0,0.0,0.0,2672.0
2015-08-07,766.0,250.0,2131.0,0.0,0.0,3147.0
2015-08-10,178.0,0.0,0.0,126.0,0.0,304.0
2015-08-17,6651.0,0.0,2182.0,0.0,364.0,9197.0
2015-08-18,1229.0,0.0,0.0,45.0,271.0,1545.0
2015-08-19,667.0,20.0,0.0,0.0,0.0,687.0
2015-08-21,332.0,0.0,0.0,0.0,0.0,332.0
2015-08-25,1592.0,0.0,0.0,0.0,50.0,1642.0
2015-08-26,5658.0,0.0,8293.0,305.0,682.0,14938.0
2015-09-01,881.0,0.0,328.0,0.0,0.0,1209.0
2015-09-02,0.0,0.0,778.0,0.0,0.0,778.0
2015-09-07,2715.0,0.0,980.0,933.0,0.0,4628.0
2015-09-08,1219.0,0.0,0.0,0.0,0.0,1219.0
2015-09-10,924.0,0.0,0.0,0.0,548.0,1472.0
2015-09-11,1145.0,0.0,289.0,251.0,0.0,1685.0
2015-09-14,1532.0,0.0,1083.0,0.0,0.0,2615.0
2015-09-15,901.0,0.0,0.0,0.0,0.0,901.0
2015-09-16,452.0,0.0,1613.0,0.0,402.0,2467.0
2015-09-17,1108.0,0.0,1673.0,0.0,0.0,2781.0
2015-09-18,10.0,5.0,0.0,0.0,0.0,15.0
2015-09-21,1887.0,0.0,810.0,0.0,0.0,2697.0
2015-09-22,1301.0,0.0,0.0,0.0,0.0,1301.0
2015-09-24,1283.0,0.0,5350.0,0.0,168.0,6801.0
2015-09-25,644.0,0.0,2739.0,35.0,471.0,3889.0
2015-09-28,2990.0,103.0,1234.0,130.0,115.0,4572.0
2015-09-29,0.0,0.0,0.0,387.0,0.0,387.0
2015-09-30,65.0,0.0,0.0,0.0,0.0,65.0
2015-10-05,1696.0,0.0,0.0,0.0,0.0,1696.0
2015-10-06,876.0,0.0,0.0,0.0,0.0,876.0
2015-10-08,14.0,0.0,0.0,0.0,0.0,14.0
2015-10-10,3430.0,0.0,615.0,540.0,0.0,4585.0
2015-10-13,599.0,0.0,0.0,0.0,0.0,599.0
2015-10-15,913.0,0.0,1229.0,0.0,257.0,2399.0
2015-10-19,1610.0,0.0,0.0,97.0,93.0,1800.0
2015-10-21,1890.0,0.0,751.0,0.0,0.0,2641.0
2015-10-23,650.0,0.0,364.0,0.0,0.0,1014.0
2015-10-26,1752.0,25.0,2895.0,98.0,0.0,4770.0
2015-10-27,471.0,0.0,0.0,0.0,0.0,471.0
2015-10-29,2718.0,154.0,1098.0,254.0,406.0,4630.0
2015-10-30,699.0,0.0,0.0,0.0,0.0,699.0
2015-11-02,58.0,0.0,845.0,0.0,0.0,903.0
2015-11-03,636.0,0.0,469.0,0.0,168.0,1273.0
2015-11-04,0.0,0.0,0.0,6.0,0.0,6.0
2015-11-05,3075.0,0.0,1819.0,160.0,0.0,5054.0
2015-11-06,119.0,0.0,0.0,0.0,0.0,119.0
2015-11-10,0.0,0.0,741.0,0.0,0.0,741.0
2015-11-12,1779.0,0.0,580.0,0.0,0.0,2359.0
2015-11-13,687.0,0.0,1296.0,0.0,0.0,1983.0
2015-11-17,2683.0,0.0,0.0,191.0,47.0,2921.0
2015-11-18,0.0,0.0,0.0,0.0,94.0,94.0
2015-11-20,612.0,0.0,4483.0,258.0,170.0,5523.0
2015-11-21,0.0,0.0,340.0,0.0,0.0,340.0
2015-11-23,2340.0,0.0,0.0,0.0,0.0,2340.0
2015-11-25,971.0,0.0,0.0,387.0,0.0,1358.0
2015-11-27,1729.0,0.0,2266.0,38.0,0.0,4033.0
2015-11-28,783.0,0.0,0.0,0.0,0.0,783.0
2015-11-30,505.0,0.0,0.0,66.0,0.0,571.0
2015-12-01,1050.0,0.0,741.0,0.0,258.0,2049.0
2015-12-04,1215.0,154.0,2449.0,378.0,150.0,4346.0
2015-12-07,1614.0,0.0,1601.0,0.0,90.0,3305.0
2015-12-09,2329.0,0.0,2116.0,14.0,661.0,5120.0
2015-12-10,573.0,0.0,0.0,0.0,0.0,573.0
2015-12-11,639.0,0.0,0.0,0.0,0.0,639.0
2015-12-14,2332.0,0.0,0.0,0.0,0.0,2332.0
2015-12-16,1050.0,0.0,653.0,275.0,302.0,2280.0
2015-12-18,1718.0,0.0,0.0,578.0,0.0,2296.0
2015-12-21,3349.0,0.0,0.0,0.0,0.0,3349.0
2015-12-29,2457.0,0.0,1752.0,455.0,0.0,4664.0
2015-12-30,0.0,0.0,0.0,0.0,133.0,133.0
2015-12-31,4336.0,0.0,0.0,0.0,0.0,4336.0
2016-01-04,1249.0,0.0,678.0,0.0,0.0,1927.0
2016-01-06,-4.0,0.0,760.0,209.0,0.0,965.0
2016-01-08,1525.0,0.0,3222.0,0.0,650.0,5397.0
2016-01-11,1618.0,0.0,2309.0,27.0,0.0,3954.0
2016-01-13,1414.0,0.0,1257.0,257.0,0.0,2928.0
2016-01-18,1126.0,0.0,917.0,0.0,0.0,2043.0
2016-01-20,2646.0,0.0,1589.0,0.0,0.0,4235.0
2016-01-22,-96.0,0.0,2661.0,0.0,103.0,2668.0
2016-01-25,0.0,0.0,0.0,0.0,160.0,160.0
2016-01-27,1302.0,0.0,0.0,0.0,0.0,1302.0
2016-01-28,2279.0,0.0,0.0,0.0,266.0,2545.0
2016-01-29,1361.0,0.0,0.0,237.0,0.0,1598.0
2016-02-02,872.0,0.0,0.0,0.0,0.0,872.0
2016-02-03,7.0,0.0,0.0,0.0,0.0,7.0
2016-02-04,427.0,0.0,2039.0,0.0,152.0,2618.0
2016-02-05,0.0,208.0,1015.0,133.0,0.0,1356.0
2016-02-09,3781.0,0.0,603.0,0.0,0.0,4384.0
2016-02-11,0.0,0.0,940.0,0.0,0.0,940.0
